totSellamnt,returnValue,drwNoDate,firstWinamnt,drwtNo6,drwtNo4,firstPrzwnerCo,drwtNo5,bnusNo,firstAccumamnt,drwNo,drwtNo2,drwtNo3,drwtNo1
3681782000,success,2002-12-07,0,40,33,0,37,16,863604600,1,23,29,10
4904274000,success,2002-12-14,2002006800,42,25,1,32,2,0,2,13,21,9
4729342000,success,2002-12-21,2000000000,31,21,1,27,30,0,3,16,19,11
5271464000,success,2002-12-28,0,42,31,0,40,2,1267147200,4,27,30,14
6277102000,success,2003-01-04,0,42,40,0,41,3,3041094900,5,24,29,16
15305356000,success,2003-01-11,6574451700,42,27,1,40,34,0,6,15,26,14
12794890000,success,2003-01-18,0,40,25,0,26,42,2600913000,7,9,16,2
20751450000,success,2003-01-25,0,39,34,0,37,9,7336896000,8,19,25,8
73624020000,success,2003-02-01,0,39,17,0,36,14,25803852000,9,4,16,2
260856392000,success,2003-02-08,6430437900,44,33,13,41,6,0,10,25,30,9
91925306000,success,2003-02-15,4780152300,42,37,5,41,14,0,11,7,36,1
76255508000,success,2003-02-22,1348845700,45,25,12,39,44,0,12,11,21,2
66532136000,success,2003-03-01,0,42,37,0,38,26,15599134800,13,23,25,22
99838648000,success,2003-03-08,9375048300,40,31,4,33,15,0,14,6,12,2
73264910000,success,2003-03-15,17014245000,37,30,1,31,13,0,15,4,16,3
75777348000,success,2003-03-22,4377146100,40,37,4,38,33,0,16,7,24,6
72718152000,success,2003-03-29,5349491200,37,17,3,32,1,0,17,4,9,3
66371660000,success,2003-04-05,0,35,19,0,32,29,15751560000,18,12,13,3
105957818000,success,2003-04-12,40722959400,43,39,1,40,26,0,19,30,38,6
81056776000,success,2003-04-19,19352212800,30,20,1,23,41,0,20,14,18,10
84247142000,success,2003-04-26,797475400,32,18,23,31,21,0,21,12,17,6
79455152000,success,2003-05-03,4552194900,39,8,4,17,25,0,22,5,6,4
77374256000,success,2003-05-10,4317947700,42,18,4,33,44,0,23,13,17,5
78486634000,success,2003-05-17,0,43,29,0,36,6,19010560200,24,8,27,7
120073768000,success,2003-05-24,24227745300,44,26,2,43,16,0,25,4,21,2
80193026000,success,2003-05-31,3495069900,25,18,5,20,31,0,26,5,7,4
76145050000,success,2003-06-07,9543982500,43,28,2,37,27,0,27,20,26,1
75448366000,success,2003-06-14,1700361100,37,25,10,35,1,0,28,18,23,9
74523120000,success,2003-06-21,3552594000,40,34,5,39,11,0,29,5,13,1
72399690000,success,2003-06-28,8728555500,44,35,2,36,4,0,30,17,20,8
71317306000,success,2003-07-05,8106672900,35,23,2,28,32,0,31,9,18,7
71179198000,success,2003-07-12,1634528300,44,25,10,34,11,0,32,14,19,6
67457252000,success,2003-07-19,14903517600,41,33,1,40,9,0,33,7,32,4
69389894000,success,2003-07-26,3056918000,42,37,5,40,2,0,34,26,35,9
66143062000,success,2003-08-02,5054598200,43,26,3,37,39,0,35,3,11,2
66856686000,success,2003-08-09,16014475800,40,26,1,28,31,0,36,10,23,1
65509794000,success,2003-08-16,4985999400,37,33,3,35,42,0,37,27,30,7
67369284000,success,2003-08-23,5374866400,43,30,3,37,36,0,38,17,22,16
66094476000,success,2003-08-30,2623748800,43,15,6,21,8,0,39,7,13,6
65699086000,success,2003-09-06,1147652400,26,19,13,25,6,0,40,13,18,7
57624562000,success,2003-09-13,0,43,35,0,38,34,13784904600,41,20,23,13
119909740000,success,2003-09-20,6899280100,32,21,6,23,1,0,42,18,19,17
74686296000,success,2003-09-27,17749630800,44,38,1,39,1,0,43,31,35,6
69956950000,success,2003-10-04,3362155800,45,30,5,38,39,0,44,11,21,3
71216232000,success,2003-10-11,8356417800,35,27,2,33,17,0,45,10,20,1
68181568000,success,2003-10-18,5327758800,38,23,3,31,39,0,46,13,15,8
67756694000,success,2003-10-25,3250042400,45,31,5,36,27,0,47,17,26,14
65806832000,success,2003-11-01,2415673600,38,26,6,37,3,0,48,10,18,6
64501142000,success,2003-11-08,1967504600,40,19,7,33,30,0,49,7,16,4
65563234000,success,2003-11-15,5227061400,44,15,3,22,1,0,50,10,12,2
62553680000,success,2003-11-22,2421117000,44,16,6,26,35,0,51,3,11,2
64393446000,success,2003-11-29,3900844900,29,16,4,20,1,0,52,4,15,2
64996010000,success,2003-12-06,5014371000,39,32,3,33,42,0,53,8,14,7
63833006000,success,2003-12-13,5148626600,39,27,3,36,37,0,54,8,21,1
62195764000,success,2003-12-20,7088799600,44,37,2,40,7,0,55,21,31,17
65258932000,success,2003-12-27,3777570900,37,31,4,33,19,0,56,14,30,10
70132666000,success,2004-01-03,4114411900,44,25,4,29,6,0,57,10,16,7
66638136000,success,2004-01-10,3676429200,44,33,4,40,1,0,58,24,25,10
67563698000,success,2004-01-17,4127587300,45,39,4,41,13,0,59,29,36,6
65405936000,success,2004-01-24,2172504600,42,36,7,39,11,0,60,8,25,2
73312994000,success,2004-01-31,3541038800,43,30,5,38,8,0,61,15,19,14
66740368000,success,2004-02-07,15817286400,35,27,1,29,21,0,62,8,15,3
67074050000,success,2004-02-14,7922245500,40,36,2,38,5,0,63,20,23,3
65085154000,success,2004-02-21,3899818000,36,21,4,26,39,0,64,15,18,14
66685144000,success,2004-02-28,3727945800,43,36,4,40,39,0,65,25,33,4
63378796000,success,2004-03-06,3685138200,24,17,4,22,45,0,66,3,7,2
64314872000,success,2004-03-13,2114436500,38,15,7,36,33,0,67,7,10,3
63813236000,success,2004-03-20,2945882100,39,16,5,26,38,0,68,12,15,10
63711302000,success,2004-03-27,4962712200,39,15,3,19,35,0,69,8,14,5
63232578000,success,2004-04-03,5031277800,43,25,3,28,26,0,70,19,22,5
62889986000,success,2004-04-10,0,41,16,0,29,21,14909209800,71,9,12,5
125651214000,success,2004-04-17,3260524600,27,17,13,26,1,0,72,4,11,2
72635862000,success,2004-04-24,2766662100,43,32,6,40,38,0,73,12,18,3
68902158000,success,2004-05-01,5284949800,40,18,3,35,23,0,74,15,17,6
66138372000,success,2004-05-08,3914616900,44,32,4,34,28,0,75,5,24,2
65083924000,success,2004-05-15,7451022600,37,22,2,25,43,0,76,3,15,1
64420666000,success,2004-05-22,5155758600,44,32,3,43,37,0,77,18,29,2
61257794000,success,2004-05-29,3519850000,35,29,4,33,38,0,78,13,25,10
60390004000,success,2004-06-05,3416443800,32,27,4,30,14,0,79,12,24,3
60160440000,success,2004-06-12,13809540000,30,25,1,26,1,0,80,18,24,17
60983308000,success,2004-06-19,2714288880,33,13,5,20,6,0,81,7,11,5
61302808000,success,2004-06-26,14562494400,42,14,1,27,39,0,82,2,3,1
62512062000,success,2004-07-03,7086948300,34,17,2,19,14,0,83,10,15,6
62780760000,success,2004-07-10,7669779000,45,34,2,42,11,0,84,23,27,16
59451304000,success,2004-07-17,3462109800,36,23,4,31,21,0,85,8,13,6
59835968000,success,2004-07-24,14252186400,45,39,1,41,33,0,86,12,37,2
83793642000,success,2004-07-31,1799358055,43,23,11,34,26,0,87,12,16,4
51910612000,success,2004-08-07,3069709650,41,24,4,30,27,0,88,17,20,1
55102179000,success,2004-08-14,4248321900,40,29,3,33,37,0,89,26,28,4
55493544000,success,2004-08-21,3291435300,44,35,4,38,10,0,90,20,29,17
59061052000,success,2004-08-28,3582902400,42,26,4,29,27,0,91,21,24,1
58296001000,success,2004-09-04,1233270846,36,33,11,35,17,0,92,14,24,3
57236313000,success,2004-09-11,2269178150,44,36,6,38,19,0,93,22,24,6
57144729000,success,2004-09-18,2245339950,45,40,6,41,6,0,94,32,34,5
60077493000,success,2004-09-25,1747741238,43,31,8,34,14,0,95,17,27,8
54217572000,success,2004-10-02,1847133515,31,21,7,22,20,0,96,3,8,1
57713200000,success,2004-10-09,1496214000,36,15,9,20,3,0,97,7,14,6
56231084000,success,2004-10-16,3177972300,32,23,4,24,43,0,98,9,16,6
56207491000,success,2004-10-23,2169219050,37,27,6,29,11,0,99,3,10,1
56561977000,success,2004-10-30,3315315525,42,23,4,37,6,0,100,7,11,1
57585065000,success,2004-11-06,2707297500,45,32,5,35,8,0,101,3,17,1
56937962000,success,2004-11-13,1457153067,40,26,9,35,42,0,102,22,24,17
57420615000,success,2004-11-20,1691589563,45,27,8,30,10,0,103,14,15,5
56533705000,success,2004-11-27,6610743750,44,34,2,42,35,0,104,32,33,17
57479716000,success,2004-12-04,3416781450,45,34,4,41,28,0,105,10,20,8
57384485000,success,2004-12-11,810461157,33,22,16,24,29,0,106,10,12,4
57545202000,success,2004-12-18,6679927800,31,6,2,9,17,0,107,4,5,1
58875228000,success,2004-12-25,1998900772,44,23,7,29,12,0,108,18,22,7
62584098000,success,2005-01-01,1246838200,44,36,12,42,33,0,109,5,34,1
57625490000,success,2005-01-08,4566262000,43,23,3,29,1,0,110,20,22,7
57876999000,success,2005-01-15,2199047450,40,33,6,36,27,0,111,18,31,7
59292005000,success,2005-01-22,1567271167,42,33,9,41,43,0,112,29,30,26
59258248000,success,2005-01-29,1561528934,45,33,9,36,26,0,113,9,28,4
60079401000,success,2005-02-05,2362345050,41,26,6,28,2,0,114,14,19,11
59130557000,success,2005-02-12,1488589567,28,9,9,25,31,0,115,2,6,1
61606084000,success,2005-02-19,1997747315,37,31,7,34,17,0,116,4,25,2
59429610000,success,2005-02-26,1558378334,44,34,9,36,35,0,117,10,22,5
57171934000,success,2005-03-05,1297989720,22,17,10,19,38,0,118,4,10,3
57800632000,success,2005-03-12,1474899400,21,14,9,17,38,0,119,11,13,3
57418983000,success,2005-03-19,4364530300,37,11,3,32,30,0,120,6,10,4
57134544000,success,2005-03-26,6839648100,43,34,2,38,9,0,121,28,30,12
56171704000,success,2005-04-02,1450073800,40,17,9,36,8,0,122,11,16,1
54097448000,success,2005-04-09,2532982680,45,28,5,30,27,0,123,17,18,7
54180838000,success,2005-04-16,1395936267,42,25,9,29,1,0,124,16,23,4
53149705000,success,2005-04-23,1754870786,36,33,7,35,18,0,125,8,32,2
52748965000,success,2005-04-30,1369301500,43,27,9,40,1,0,126,20,22,7
50752603000,success,2005-05-07,1965939150,43,29,6,32,35,0,127,5,10,3
52310392000,success,2005-05-14,2064043100,45,36,6,37,39,0,128,30,34,12
51555754000,success,2005-05-21,1093629655,42,28,11,38,17,0,129,23,25,19
51359012000,success,2005-05-28,3036496650,45,27,4,42,31,0,130,19,24,7
50231773000,success,2005-06-04,1451214488,21,14,8,15,37,0,131,10,11,8
49921897000,success,2005-06-11,2920473525,45,34,4,41,43,0,132,17,23,3
50889926000,success,2005-06-18,1450242600,26,18,8,23,13,0,133,7,15,4
50445575000,success,2005-06-25,2349155100,35,23,5,31,43,0,134,12,20,3
51062672000,success,2005-07-02,1717293515,39,28,7,35,16,0,135,14,22,6
51144633000,success,2005-07-09,1997694150,42,36,6,41,11,0,136,16,30,2
49978654000,success,2005-07-16,1270403467,39,25,9,36,15,0,137,9,20,7
47688450000,success,2005-07-23,2227152000,39,28,5,37,19,0,138,11,27,10
48371085000,success,2005-07-30,1650210215,43,20,7,28,13,0,139,11,15,9
45983464000,success,2005-08-06,2109462840,28,18,5,19,8,0,140,13,17,3
48016958000,success,2005-08-13,1900552400,43,31,6,42,2,0,141,12,29,8
48012844000,success,2005-08-20,1018265564,44,34,11,40,19,0,142,16,30,12
49415357000,success,2005-08-27,3954584700,45,42,3,43,8,0,143,27,28,26
49202521000,success,2005-09-03,1402440413,37,26,8,36,43,0,144,15,17,4
48913832000,success,2005-09-10,3797838200,44,20,3,27,9,0,145,3,13,2
50677555000,success,2005-09-17,6043415250,42,35,2,41,25,0,146,19,27,2
50345605000,success,2005-09-24,1700040215,42,21,7,40,36,0,147,6,13,4
49523247000,success,2005-10-01,2323596420,36,34,5,35,17,0,148,25,33,21
48406950000,success,2005-10-08,1639052143,42,34,7,41,27,0,149,11,21,2
48763778000,success,2005-10-15,2831645850,39,28,4,37,16,0,150,18,25,2
47357067000,success,2005-10-22,2716634025,19,13,4,18,15,0,151,2,10,1
48180334000,success,2005-10-29,2278131840,34,26,5,29,43,0,152,5,13,1
47777735000,success,2005-11-05,2730526125,36,12,4,13,33,0,153,8,11,3
48022386000,success,2005-11-12,2836628700,45,35,4,40,20,0,154,19,21,6
46140202000,success,2005-11-19,1193005734,41,32,9,33,4,0,155,19,20,16
47344584000,success,2005-11-26,1401099900,45,30,8,42,2,0,156,18,28,5
46853365000,success,2005-12-03,5484903750,39,33,2,35,37,0,157,26,30,19
46368888000,success,2005-12-10,1069544340,34,18,10,21,7,0,158,9,13,4
44311926000,success,2005-12-17,1755407300,43,41,6,42,32,0,159,18,30,1
46833239000,success,2005-12-24,5490805350,41,34,2,39,1,0,160,7,8,3
53096453000,success,2005-12-31,1996876272,45,40,7,42,44,0,161,34,36,22
49050086000,success,2006-01-07,2308265760,41,25,5,38,24,0,162,5,21,1
49018952000,success,2006-01-14,1629726515,44,28,7,29,16,0,163,11,26,7
53052119000,success,2006-01-21,4054937900,41,11,3,39,27,0,164,9,10,6
58088118000,success,2006-01-28,6767426700,42,19,2,22,31,0,165,13,18,5
52157466000,success,2006-02-04,1111299982,45,36,11,39,14,0,166,12,27,9
52744392000,success,2006-02-11,2491222920,39,30,5,36,4,0,167,27,28,24
51496212000,success,2006-02-18,2349946920,43,40,5,42,30,0,168,10,31,3
52076183000,success,2006-02-25,2482888380,45,37,5,43,19,0,169,27,35,16
49718245000,success,2006-03-04,1923108250,42,15,6,31,10,0,170,11,13,2
50357474000,success,2006-03-11,1961339700,35,29,6,34,1,0,171,16,25,4
50758266000,success,2006-03-18,1081154073,41,24,11,26,35,0,172,19,21,4
52286521000,success,2006-03-25,1487736788,34,30,8,33,18,0,173,9,24,3
52340568000,success,2006-04-01,1771103058,39,22,7,35,16,0,174,14,18,13
50895147000,success,2006-04-08,2371132620,36,31,5,33,17,0,175,26,28,19
50488528000,success,2006-04-15,2314663080,34,32,5,33,15,0,176,17,30,4
50480325000,success,2006-04-22,1693285500,43,16,7,37,6,0,177,10,13,1
49582758000,success,2006-04-29,2254621080,23,12,5,18,9,0,178,5,11,1
47291694000,success,2006-05-06,1081093920,43,25,10,39,32,0,179,9,17,5
48895477000,success,2006-05-13,5763371550,34,21,2,29,22,0,180,15,20,2
49124446000,success,2006-05-20,1941763300,45,32,6,40,44,0,181,21,23,14
47222594000,success,2006-05-27,3721439400,40,29,3,34,35,0,182,15,27,13
45938460000,success,2006-06-03,1777221500,42,34,6,40,5,0,183,18,24,2
45503351000,success,2006-06-10,1747753050,33,16,6,20,41,0,184,2,6,1
45783088000,success,2006-06-17,3522485800,38,8,3,19,14,0,185,2,4,1
45484428000,success,2006-06-24,1187882600,45,19,9,21,9,0,186,10,14,4
45855961000,success,2006-07-01,1544733900,38,18,7,29,42,0,187,2,8,1
45176242000,success,2006-07-08,3501405200,34,30,3,31,36,0,188,24,27,19
43650551000,success,2006-07-15,3461775100,45,35,3,37,28,0,189,14,32,8
44864459000,success,2006-07-22,1784159450,44,30,6,31,15,0,190,14,18,8
44534869000,success,2006-07-29,2577114675,37,25,4,32,8,0,191,6,24,5
42035065000,success,2006-08-05,2445348375,45,18,4,37,33,0,192,8,11,4
43788477000,success,2006-08-12,3404449700,39,26,3,36,13,0,193,14,18,6
44511515000,success,2006-08-19,2650567875,44,26,4,39,28,0,194,20,23,15
44374725000,success,2006-08-26,918992591,40,22,11,35,31,0,195,10,19,7
45773496000,success,2006-09-02,727876520,45,41,15,44,30,0,196,36,37,35
45993306000,success,2006-09-09,1803018300,45,34,6,42,4,0,197,12,16,7
45614021000,success,2006-09-16,1797855050,45,25,6,41,2,0,198,19,20,12
45021068000,success,2006-09-23,5344252200,36,25,2,30,43,0,199,21,22,14
46640423000,success,2006-09-30,1344616613,20,14,8,17,7,0,200,6,13,5
42254768000,success,2006-10-07,9719465400,44,38,1,39,26,0,201,11,24,3
48304034000,success,2006-10-14,1893391700,44,33,6,39,17,0,202,14,27,12
47033359000,success,2006-10-21,2164564740,32,24,5,30,7,0,203,3,11,1
46077750000,success,2006-10-28,1358347125,45,35,8,40,5,0,204,12,14,3
46330516000,success,2006-11-04,1835221800,37,29,6,35,30,0,205,3,21,1
44326979000,success,2006-11-11,2032859340,25,15,5,20,43,0,206,2,3,1
45282336000,success,2006-11-18,2104673760,37,31,5,32,38,0,207,11,14,3
45516378000,success,2006-11-25,1760767400,44,34,6,40,24,0,208,25,31,14
43753377000,success,2006-12-02,1660896350,33,20,6,24,37,0,209,7,18,2
44757963000,success,2006-12-09,5139085950,37,23,2,25,39,0,210,19,22,10
45332675000,success,2006-12-16,1035800250,41,20,10,33,8,0,211,13,17,12
46139120000,success,2006-12-23,2660747250,38,21,4,31,8,0,212,12,18,11
48745094000,success,2006-12-30,1376678025,24,5,8,20,42,0,213,3,4,2
49195740000,success,2007-01-06,1406980875,37,25,8,28,32,0,214,7,20,5
47675761000,success,2007-01-13,1587689615,44,15,7,43,4,0,215,3,7,2
48342018000,success,2007-01-20,848506108,40,33,13,36,1,0,216,16,17,7
48260644000,success,2007-01-27,1611246172,39,33,7,35,38,0,217,20,27,16
47018314000,success,2007-02-03,2779075800,44,18,4,29,20,0,218,8,14,1
46903745000,success,2007-02-10,1208409167,37,26,9,35,16,0,219,11,20,4
50383399000,success,2007-02-17,1958094950,43,21,6,34,31,0,220,11,19,5
47674135000,success,2007-02-24,1800104250,40,35,6,37,10,0,221,20,33,2
47735197000,success,2007-03-03,2275193820,43,29,5,39,44,0,222,7,28,5
46036874000,success,2007-03-10,1498170600,27,20,7,26,38,0,223,3,18,1
46435109000,success,2007-03-17,1808969950,42,27,6,30,7,0,224,19,26,4
46352016000,success,2007-03-24,1777201800,36,19,6,31,7,0,225,11,13,5
45145643000,success,2007-03-31,1744100150,22,14,6,21,34,0,226,6,8,2
44444776000,success,2007-04-07,5253542400,42,16,2,22,2,0,227,5,15,4
44764100000,success,2007-04-14,1146700334,44,36,9,39,23,0,228,25,35,17
44762989000,success,2007-04-21,1451441100,38,11,7,23,35,0,229,5,9,4
44191351000,success,2007-04-28,1292929163,33,29,8,32,12,0,230,11,14,5
42355627000,success,2007-05-05,1088365900,45,31,9,44,27,0,231,10,19,5
43564632000,success,2007-05-12,1110918400,44,12,9,24,35,0,232,9,10,8
43516805000,success,2007-05-19,999153750,40,17,10,28,39,0,233,6,13,4
42814085000,success,2007-05-26,2519743875,37,24,4,26,4,0,234,21,22,13
43347391000,success,2007-06-02,3433330100,37,27,3,31,8,0,235,22,26,21
42941871000,success,2007-06-09,5030040150,39,13,2,37,7,0,236,4,8,1
43358287000,success,2007-06-16,1440630729,44,21,7,24,33,0,237,11,17,1
42952477000,success,2007-06-23,1121660567,34,28,9,31,35,0,238,4,15,2
43296565000,success,2007-06-30,1134140167,44,39,9,41,7,0,239,15,24,11
43603443000,success,2007-07-07,5098251450,43,40,2,41,21,0,240,10,16,6
43246894000,success,2007-07-14,2552016300,35,27,4,28,21,0,241,16,24,2
42679760000,success,2007-07-21,1234542375,34,21,8,32,43,0,242,19,20,4
41304830000,success,2007-07-28,2408850000,42,19,4,28,34,0,243,12,17,2
39411047000,success,2007-08-04,9121583100,38,36,1,37,19,0,244,16,25,13
41854623000,success,2007-08-11,1382583129,38,31,7,32,22,0,245,11,27,9
41453154000,success,2007-08-18,1911774240,39,23,5,26,15,0,246,18,21,13
42231698000,success,2007-08-25,1669313900,40,36,6,39,13,0,247,15,28,12
42348403000,success,2007-09-01,1227479363,45,23,8,38,13,0,248,8,17,3
42539134000,success,2007-09-08,1663568700,44,31,6,41,11,0,249,8,27,3
42122808000,success,2007-09-15,1994726280,45,37,5,43,38,0,250,23,30,19
44493014000,success,2007-09-22,1282616400,38,25,8,28,45,0,251,7,19,6
41207920000,success,2007-09-29,1391089715,45,31,7,39,28,0,252,23,26,14
42309347000,success,2007-10-06,2466189525,36,31,4,34,33,0,253,19,25,8
42259113000,success,2007-10-13,9741015900,30,20,1,24,27,0,254,5,19,1
41425341000,success,2007-10-20,1598618550,42,24,6,27,32,0,255,5,6,1
41996580000,success,2007-10-27,4891017000,43,21,2,23,32,0,256,11,14,4
41433637000,success,2007-11-03,2391377025,37,31,4,32,4,0,257,13,27,6
41364428000,success,2007-11-10,2426434350,40,31,4,38,17,0,258,27,30,14
40905570000,success,2007-11-17,4838533500,45,35,2,42,34,0,259,5,14,4
40140211000,success,2007-11-24,2310085575,40,24,4,37,43,0,260,12,15,7
41215041000,success,2007-12-01,3192299100,43,18,3,31,2,0,261,11,16,6
39232234000,success,2007-12-08,4518741600,31,25,2,29,36,0,262,12,24,9
39677128000,success,2007-12-15,1551704900,40,32,6,37,18,0,263,27,28,1
39783178000,success,2007-12-22,1344889200,44,36,7,41,5,0,264,16,27,9
40913922000,success,2007-12-29,1200838575,39,37,8,38,12,0,265,9,34,5
41937067000,success,2008-01-05,3207211700,42,11,3,22,37,0,266,4,9,3
41835853000,success,2008-01-12,3257663300,41,34,3,36,1,0,267,8,24,7
41213802000,success,2008-01-19,1350954515,45,24,7,32,12,0,268,10,19,3
41357619000,success,2008-01-26,1961399940,43,36,5,42,32,0,269,18,20,5
41845351000,success,2008-02-02,1927830060,26,20,5,21,27,0,270,9,12,5
40879633000,success,2008-02-09,1565918150,40,27,6,29,36,0,271,8,9,3
43310674000,success,2008-02-16,1104622800,43,27,9,39,28,0,272,9,12,7
42816211000,success,2008-02-23,3339543100,44,31,3,34,6,0,273,8,24,1
42631711000,success,2008-03-01,2505085575,39,26,4,35,25,0,274,14,15,13
42329813000,success,2008-03-08,10044066900,40,35,1,38,26,0,275,19,20,14
42567610000,success,2008-03-15,3312569000,41,33,3,39,25,0,276,15,21,4
41868708000,success,2008-03-22,3272627800,29,15,3,25,20,0,277,12,13,10
41088180000,success,2008-03-29,3186530000,43,39,3,41,13,0,278,11,37,3
41130542000,success,2008-04-05,1914205320,38,36,5,37,11,0,279,16,31,7
40673999000,success,2008-04-12,1355258529,37,24,7,36,35,0,280,11,23,10
40800514000,success,2008-04-19,1554683200,41,6,6,14,12,0,281,3,4,1
41051175000,success,2008-04-26,1322052643,32,18,7,31,30,0,282,5,10,2
40133316000,success,2008-05-03,3137224600,45,31,3,38,42,0,283,8,18,6
39773403000,success,2008-05-10,3117640300,45,24,3,30,28,0,284,7,15,2
40364871000,success,2008-05-17,3164370100,45,40,3,41,2,0,285,33,37,13
40944483000,success,2008-05-24,3236566300,44,40,3,42,17,0,286,15,19,1
40623489000,success,2008-05-31,1328657100,37,27,7,35,41,0,287,12,24,6
39970134000,success,2008-06-07,2357261550,41,28,4,35,10,0,288,12,17,1
39406643000,success,2008-06-14,0,42,37,0,38,10,9181683900,289,14,33,3
80362302000,success,2008-06-21,2149214424,45,32,13,39,7,0,290,13,18,8
44143418000,success,2008-06-28,1450585200,42,18,7,20,45,0,291,7,8,3
43394631000,success,2008-07-05,720373950,34,32,14,33,10,0,292,18,31,17
42399708000,success,2008-07-12,1656764400,33,21,6,29,24,0,293,9,17,1
41563813000,success,2008-07-19,2406504975,38,30,4,37,40,9626019900,294,10,17,6
42248135000,success,2008-07-26,0,38,16,0,18,8,9823300500,295,4,12,1
63377899000,success,2008-08-02,3066088275,45,27,8,30,44,24528706200,296,8,15,3
43641475000,success,2008-08-09,5056668750,32,20,2,28,34,10113337500,297,11,19,6
43151675000,success,2008-08-16,9909778500,40,29,1,37,19,9909778500,298,9,27,5
44463909000,success,2008-08-23,1483772529,45,25,7,36,24,10386407700,299,3,20,1
44465047000,success,2008-08-30,836092425,38,12,12,26,39,10033109100,300,9,10,7
44377177000,success,2008-09-06,1447385015,43,33,7,37,26,10131695100,301,11,13,7
46382605000,success,2008-09-13,5472167250,42,32,2,38,4,10944334500,302,19,20,13
42841760000,success,2008-09-20,1672749000,45,30,6,38,43,10036494000,303,14,17,2
43158653000,success,2008-09-27,1661646150,41,26,6,33,38,9969876900,304,10,16,4
43960659000,success,2008-10-04,2008210140,39,21,5,23,9,10041050700,305,8,18,7
44421462000,success,2008-10-11,2102669520,41,30,5,34,19,10513347600,306,18,23,4
43880990000,success,2008-10-18,2587643250,45,23,4,25,12,10350573000,307,15,21,5
43339416000,success,2008-10-25,10232872800,45,19,1,37,40,10232872800,308,15,17,14
44157528000,success,2008-11-01,901622946,36,11,11,18,22,9917852400,309,2,5,1
43718082000,success,2008-11-08,1296713325,41,28,8,34,16,10373706600,310,5,19,1
43209215000,success,2008-11-15,1237691063,32,27,8,28,10,9901528500,311,12,24,4
42255391000,success,2008-11-22,629017820,20,6,15,12,25,9435267300,312,3,5,2
43672096000,success,2008-11-29,1715422800,45,35,6,43,2,10292536800,313,17,34,9
42328094000,success,2008-12-06,1660512200,41,34,6,38,2,9963073200,314,17,19,15
44339180000,success,2008-12-13,1308728625,45,35,8,43,23,10469829000,315,13,33,1
44073768000,success,2008-12-20,1673586400,39,27,6,31,43,10041518400,316,11,21,10
44135114000,success,2008-12-27,2576258550,39,22,4,36,8,10305034200,317,10,11,3
46663728000,success,2009-01-03,1207436600,45,20,9,34,21,10866929400,318,17,19,2
45435183000,success,2009-01-10,2135659380,42,28,5,33,37,10678296900,319,8,22,5
46659886000,success,2009-01-17,5513067900,45,25,2,41,3,11026135800,320,19,23,16
50617982000,success,2009-01-24,1959136100,34,21,6,25,42,11754816600,321,18,20,12
48948294000,success,2009-01-31,1904544700,43,32,6,38,20,11427268200,322,18,29,9
49209477000,success,2009-02-07,1461025388,42,32,8,36,3,11688203100,323,14,15,10
47988317000,success,2009-02-14,1865130350,36,25,6,33,17,11190782100,324,4,21,2
46636979000,success,2009-02-21,1806122450,45,32,6,44,33,10836734700,325,17,20,7
47224551000,success,2009-02-28,1832134550,39,33,6,36,40,10992807300,326,23,25,16
45791560000,success,2009-03-07,882674750,44,17,12,32,24,10592097000,327,12,13,6
47316988000,success,2009-03-14,1819795900,28,16,6,17,24,10918775400,328,6,9,1
47198504000,success,2009-03-21,1830391200,42,30,6,35,4,10982347200,329,17,19,9
45859496000,success,2009-03-28,1162280200,20,17,9,19,23,10460521800,330,4,16,3
46641467000,success,2009-04-04,2165902620,44,26,5,31,39,10829513100,331,9,14,4
46042557000,success,2009-04-11,1359448388,45,36,8,42,3,10875587100,332,17,34,16
46019070000,success,2009-04-18,1550987143,43,30,7,39,35,10856910000,333,14,27,5
44439656000,success,2009-04-25,1523002972,43,29,7,39,33,10661020800,334,15,21,13
43977478000,success,2009-05-02,2037492480,45,23,5,26,21,10187462400,335,9,16,5
43069333000,success,2009-05-09,1685632650,44,34,6,35,16,10113795900,336,5,20,3
43432467000,success,2009-05-16,1257500513,37,18,8,32,4,10060004100,337,5,14,1
43136020000,success,2009-05-23,3383431000,45,38,3,42,16,10150293000,338,13,34,2
42035640000,success,2009-05-30,1096778334,37,21,9,30,45,9871005000,339,8,14,6
42892121000,success,2009-06-06,1439393186,38,29,7,34,32,10075752300,340,24,26,18
44722448000,success,2009-06-13,1497207772,43,34,7,39,41,10480454400,341,8,19,1
43782188000,success,2009-06-20,3454095800,43,33,3,34,25,10362287400,342,13,14,1
43656460000,success,2009-06-27,1717153000,43,29,6,31,15,10302918000,343,10,17,1
43838886000,success,2009-07-04,1467106543,45,28,7,34,38,10269745800,344,2,15,1
43530937000,success,2009-07-11,5203577550,42,29,2,39,2,10407155100,345,20,23,15
42862389000,success,2009-07-18,2017727340,45,22,5,44,33,10088636700,346,13,14,5
44219740000,success,2009-07-25,1456624286,42,27,7,32,10,10196370000,347,8,13,3
42786310000,success,2009-08-01,3299994000,31,20,3,24,34,9899982000,348,14,17,3
43433870000,success,2009-08-08,3353209000,25,20,3,24,36,10059627000,349,13,14,5
42681094000,success,2009-08-15,1101052467,33,24,9,29,35,9909472200,350,8,18,1
43947492000,success,2009-08-22,2583357150,36,29,4,34,33,10333428600,351,25,27,5
44719545000,success,2009-08-29,1732858250,41,20,6,26,24,10397149500,352,16,17,5
44552925000,success,2009-09-05,5290838250,36,22,2,29,26,10581676500,353,16,19,11
44709689000,success,2009-09-12,2124464340,45,43,5,44,1,10622321700,354,19,36,14
45017050000,success,2009-09-19,2145424800,44,30,5,35,38,10727124000,355,8,29,5
44684958000,success,2009-09-26,1157185267,45,25,9,29,24,10414667400,356,8,14,2
45232409000,success,2009-10-03,5313394350,37,21,2,36,5,10626788700,357,14,18,10
45651829000,success,2009-10-10,3472654900,40,12,3,21,37,10417964700,358,9,10,1
45288256000,success,2009-10-17,1286712600,40,20,8,24,23,10293700800,359,10,19,1
45719032000,success,2009-10-24,3566716200,40,25,3,35,27,10700148600,360,16,23,4
45062676000,success,2009-10-31,1473115115,35,24,7,27,33,10311805800,361,10,16,5
44336363000,success,2009-11-07,1729424650,40,27,6,30,29,10376547900,362,3,22,2
44863948000,success,2009-11-14,2615910600,38,21,4,32,6,10463642400,363,12,14,11
44192004000,success,2009-11-21,2531914800,40,14,4,16,4,10127659200,364,5,7,2
45806066000,success,2009-11-28,10697716800,30,25,1,26,31,10697716800,365,15,21,5
45962166000,success,2009-12-05,5351553900,44,26,2,27,38,10703107800,366,12,19,5
46459307000,success,2009-12-12,1581736586,44,29,7,32,19,11072156100,367,22,25,3
43746046000,success,2009-12-19,1465825115,45,30,7,39,26,10260775800,368,21,24,11
46716275000,success,2009-12-26,1842177750,43,36,6,41,21,11053066500,369,20,35,17
49762652000,success,2010-01-02,1678941943,45,42,7,44,17,11752593600,370,18,24,16
45843166000,success,2010-01-09,1524130543,42,26,7,27,18,10668913800,371,9,15,7
46167066000,success,2010-01-16,1192593200,21,16,9,18,13,10733338800,372,11,14,8
47095065000,success,2010-01-23,2791801125,45,42,4,43,9,11167204500,373,26,37,15
48081319000,success,2010-01-30,5528717850,34,17,2,25,26,11057435700,374,13,15,11
47864938000,success,2010-02-06,1581284058,45,25,7,27,7,11068988400,375,8,19,4
50657096000,success,2010-02-13,1956915800,40,24,6,28,7,11741494800,376,11,13,1
49218434000,success,2010-02-20,3912085400,45,37,3,43,23,11736256200,377,22,29,6
48866964000,success,2010-02-27,2317698240,39,31,5,34,43,11588491200,378,22,29,5
47537685000,success,2010-03-06,1598999786,40,31,7,35,19,11192998500,379,10,22,6
47164371000,success,2010-03-13,2684274825,37,17,4,26,27,10737099300,380,2,8,1
47943113000,success,2010-03-20,565738895,20,12,19,16,11,10749039900,381,5,10,1
47401288000,success,2010-03-27,1846674900,42,24,6,27,19,11080049400,382,15,22,10
46067051000,success,2010-04-03,3596522100,40,33,3,37,25,10789566300,383,15,28,4
46888942000,success,2010-04-10,3658734200,38,32,3,36,7,10976202600,384,22,24,11
46243483000,success,2010-04-17,1542032700,32,21,7,29,9,10794228900,385,12,19,7
45907331000,success,2010-04-24,1042953330,40,19,10,31,26,10429533300,386,7,10,4
45459960000,success,2010-05-01,2675533500,43,34,4,40,20,10702134000,387,26,31,1
44308705000,success,2010-05-08,2545543875,32,17,4,29,45,10182175500,388,8,9,1
45534027000,success,2010-05-15,2119027020,26,20,5,23,3,10595135100,389,16,18,7
44189673000,success,2010-05-22,10373997900,40,37,1,39,15,10373997900,390,17,28,16
45161516000,success,2010-05-29,10508749800,39,22,1,28,30,10508749800,391,11,18,10
45528684000,success,2010-06-05,1713528700,42,8,6,24,43,10281172200,392,3,7,1
45989116000,success,2010-06-12,1362003975,43,40,8,41,21,10896031800,393,16,28,9
45192337000,success,2010-06-19,10654349100,28,22,1,25,15,10654349100,394,13,20,1
46192580000,success,2010-06-26,1534635000,35,26,7,31,7,10742445000,395,15,20,11
45463736000,success,2010-07-03,5296622400,45,34,2,40,30,10593244800,396,20,31,18
45890007000,success,2010-07-10,3499519700,33,22,3,25,8,10498559100,397,13,17,12
45427304000,success,2010-07-17,2680625550,44,23,4,42,7,10722502200,398,15,20,10
45551786000,success,2010-07-24,1276854975,42,17,8,19,20,10214839800,399,2,9,1
45379731000,success,2010-07-31,2669834325,43,34,4,41,2,10679337300,400,21,27,9
43491965000,success,2010-08-07,1168214792,43,31,9,38,9,10513933125,401,12,18,6
45002946000,success,2010-08-14,2662206188,36,19,4,22,32,10648824750,402,9,15,5
44911335000,success,2010-08-21,2122396875,37,24,5,28,26,10611984375,403,14,22,10
45389825000,success,2010-08-28,3566659375,40,24,3,33,36,10699978125,404,20,21,5
45220904000,success,2010-09-04,3543878000,44,25,3,26,4,10631634000,405,2,10,1
46062206000,success,2010-09-11,2156142450,36,24,5,27,45,10780712250,406,12,21,7
48429586000,success,2010-09-18,1649707286,25,16,7,24,1,11547951000,407,7,13,6
46406711000,success,2010-09-25,2235375825,37,22,5,30,16,11176879125,408,20,21,9
47924584000,success,2010-10-02,2896989750,40,31,4,32,38,11587959000,409,9,21,6
47467817000,success,2010-10-09,1249335709,41,32,9,40,16,11244021375,410,3,18,1
47259122000,success,2010-10-16,953227563,39,35,12,37,5,11438730750,411,14,22,11
47066180000,success,2010-10-23,1656199822,45,41,7,42,40,11593398750,412,7,39,4
46925724000,success,2010-10-30,2814673500,40,23,4,34,3,11258694000,413,9,15,2
46910990000,success,2010-11-06,11703832500,44,22,1,23,43,11703832500,414,14,15,2
46746048000,success,2010-11-13,1334182407,40,26,8,30,24,10673459250,415,17,20,7
46854806000,success,2010-11-20,1072037100,26,11,10,22,44,10720371000,416,6,8,5
45968256000,success,2010-11-27,2818329938,43,20,4,22,44,11273319750,417,5,14,4
47058055000,success,2010-12-04,1435649766,34,26,8,28,31,11485198125,418,13,15,11
46508296000,success,2010-12-11,3796490750,30,14,3,28,7,11389472250,419,11,13,2
47345476000,success,2010-12-18,1424856375,34,29,8,31,27,11398851000,420,9,10,4
47752021000,success,2010-12-25,2321144325,44,27,5,28,30,11605721625,421,11,26,6
52730602000,success,2011-01-01,2205251375,44,21,6,34,12,13231508250,422,15,19,8
49668311000,success,2011-01-08,3896153875,40,28,3,29,5,11688461625,423,17,27,1
48728445000,success,2011-01-15,1109480813,44,31,10,34,30,11094808125,424,11,26,10
50459694000,success,2011-01-22,1534833000,38,27,8,33,3,12278664000,425,10,14,8
51466592000,success,2011-01-29,3057233625,43,27,4,39,19,12228934500,426,17,18,4
52511055000,success,2011-02-05,12571445625,30,24,1,28,21,12571445625,427,7,15,6
54685007000,success,2011-02-12,1437683209,40,22,9,37,8,12939148875,428,16,19,12
53993833000,success,2011-02-19,1485904709,42,34,9,39,16,13373142375,429,23,28,3
53194872000,success,2011-02-26,1611763219,34,18,8,30,44,12894105750,430,3,16,1
51661947000,success,2011-03-05,1268434013,45,31,10,38,6,12684340125,431,22,25,18
52348574000,success,2011-03-12,2299427550,39,11,5,27,33,11497137750,432,3,5,2
52396606000,success,2011-03-19,1182294410,43,33,11,35,27,13005238500,433,23,29,19
51579439000,success,2011-03-26,1480060266,37,24,8,33,35,11840482125,434,13,20,3
52341267000,success,2011-04-02,1287550013,45,30,10,38,42,12875500125,435,16,26,8
50869017000,success,2011-04-09,1512266579,34,22,8,33,28,12098132625,436,14,20,9
50798417000,success,2011-04-16,2096245438,44,38,6,41,21,12577472625,437,16,29,11
50370042000,success,2011-04-23,1377142167,38,26,9,29,45,12394279500,438,12,20,6
49680708000,success,2011-04-30,1900077375,40,31,6,37,25,11400464250,439,20,30,17
49810778000,success,2011-05-07,1995873000,44,34,6,36,2,11975238000,440,22,28,10
50272122000,success,2011-05-14,3170417063,35,30,4,34,9,12681668250,441,23,28,1
51219943000,success,2011-05-21,1413413042,40,36,9,38,41,12720717375,442,27,29,25
51236072000,success,2011-05-28,1327597584,44,19,9,20,14,11948378250,443,6,10,4
50673529000,success,2011-06-04,4154188625,45,35,3,43,17,12462565875,444,13,23,11
50053080000,success,2011-06-11,1791683036,45,30,7,39,32,12541781250,445,20,21,13
50595241000,success,2011-06-18,4051247625,35,14,3,26,6,12153742875,446,11,12,1
49555042000,success,2011-06-25,2657941125,33,9,4,17,34,10631764500,447,7,8,2
51341262000,success,2011-07-02,4026212750,41,27,3,40,36,12078638250,448,7,13,3
50214272000,success,2011-07-09,4059715250,43,26,3,35,36,12179145750,449,10,20,3
49732036000,success,2011-07-16,1990391625,31,21,6,23,13,11942349750,450,14,19,6
49861167000,success,2011-07-23,882138952,38,24,13,30,29,11467806375,451,15,20,12
48456758000,success,2011-07-30,1276902000,34,30,9,32,27,11492118000,452,10,18,8
48055125000,success,2011-08-06,2262732375,42,38,5,40,30,11313661875,453,24,33,12
48389211000,success,2011-08-13,1609125590,41,34,7,38,10,11263879125,454,25,27,13
48769851000,success,2011-08-20,1635711483,35,26,7,30,24,11449980375,455,19,20,4
49420681000,success,2011-08-27,1598505054,27,18,7,23,44,11189535375,456,7,12,1
49679052000,success,2011-09-03,1159902825,40,23,10,27,33,11599028250,457,10,18,8
53778256000,success,2011-09-10,1608812625,40,32,8,36,18,12870501000,458,9,10,4
49890095000,success,2011-09-17,1655842233,40,14,7,25,12,11590895625,459,6,10,4
51917635000,success,2011-09-24,3180895782,45,30,4,43,41,12723583125,460,11,28,8
50624588000,success,2011-10-01,1948674875,40,31,6,37,43,11692049250,461,18,26,11
49325555000,success,2011-10-08,1483559297,45,32,8,37,4,11868474375,462,20,24,3
49205151000,success,2011-10-15,0,44,33,0,34,40,12140599125,463,29,31,23
126772274000,success,2011-10-22,3355721106,44,34,13,42,4,43624374375,464,12,15,6
57793294000,success,2011-10-29,1923662893,38,13,7,22,31,13465640250,465,8,11,1
58314753000,success,2011-11-05,1530313459,44,23,9,32,20,13772821125,466,10,13,4
57383906000,success,2011-11-12,1435441084,40,17,9,24,39,12918969750,467,12,14,2
55598552000,success,2011-11-19,1527197167,43,28,9,37,17,13744774500,468,13,15,8
53364940000,success,2011-11-26,3330131250,38,34,4,37,33,13320525000,469,21,22,4
53912965000,success,2011-12-03,4333330625,42,39,3,41,27,12999991875,470,16,20,10
53492340000,success,2011-12-10,1939332858,41,37,7,39,43,13575330000,471,13,29,6
51929207000,success,2011-12-17,1809656090,43,31,7,36,44,12667592625,472,25,26,16
52867236000,success,2011-12-24,3250418063,36,22,4,23,34,13001672250,473,13,20,8
58978482000,success,2011-12-31,936690800,45,31,15,33,43,14050362000,474,13,18,4
56043275000,success,2012-01-07,1693923047,29,16,8,21,3,13551384375,475,9,14,1
55591819000,success,2012-01-14,3439851469,38,15,4,37,27,13759405875,476,12,13,9
60801409000,success,2012-01-21,1919011829,45,32,8,33,37,15352094625,477,25,29,14
54975901000,success,2012-01-28,987224759,43,37,14,39,8,13821146626,478,29,30,18
54848834000,success,2012-02-04,2233046500,44,27,6,35,24,13398279000,479,23,25,8
55415681000,success,2012-02-11,2996742282,31,17,4,30,16,11986969125,480,5,10,3
55642616000,success,2012-02-18,4639355750,41,29,3,40,20,13918067250,481,4,23,3
56201452000,success,2012-02-25,1897921179,35,24,7,25,43,13285448250,482,10,16,1
55582659000,success,2012-03-03,2567196675,34,22,5,28,5,12835983375,483,15,19,12
55885979000,success,2012-03-10,2305303063,45,28,6,32,11,13831818375,484,3,27,1
55692878000,success,2012-03-17,1501474917,39,27,9,36,20,13513274250,485,22,26,17
54540823000,success,2012-03-24,1008634125,40,25,13,38,43,13112243625,486,2,23,1
55276503000,success,2012-03-31,1638830766,41,27,8,37,21,13110646125,487,8,25,4
54213092000,success,2012-04-07,1330393575,38,30,10,31,25,13303935750,488,8,17,2
53558490000,success,2012-04-14,2106360625,27,15,6,20,11,12638163750,489,4,8,2
52590121000,success,2012-04-21,1860234161,43,29,7,40,42,13021639125,490,7,26,2
53413874000,success,2012-04-28,3304634438,42,36,4,39,4,13218537750,491,17,35,8
51693454000,success,2012-05-05,2493013800,40,35,5,37,42,12465069000,492,27,31,22
53231838000,success,2012-05-12,1451120334,37,33,9,36,25,13060083000,493,22,26,20
53321589000,success,2012-05-19,1054588407,43,15,12,30,22,12655060875,494,7,8,5
53645960000,success,2012-05-26,2111645000,44,27,6,34,6,12669870000,495,13,22,4
52915804000,success,2012-06-02,3285932250,41,29,4,36,39,13143729000,496,13,20,4
52411585000,success,2012-06-09,2222817813,44,24,6,43,13,13336906875,497,20,23,19
52851253000,success,2012-06-16,3244503094,41,32,4,39,3,12978012375,498,14,24,13
52767632000,success,2012-06-23,4070480250,40,27,3,35,43,12211440750,499,20,23,5
54012267000,success,2012-06-30,1351072375,34,20,9,24,41,12159651375,500,4,12,3
52717711000,success,2012-07-07,3025200094,42,17,4,31,2,12100800375,501,4,10,1
54000640000,success,2012-07-14,2201458125,40,32,6,34,26,13208748750,502,22,28,6
53572205000,success,2012-07-21,1853634911,36,30,7,34,40,12975444375,503,5,27,1
51787037000,success,2012-07-28,1443236959,44,26,9,43,31,12989132625,504,14,22,6
49103223000,success,2012-08-04,1917955188,40,25,6,38,44,11507731125,505,20,22,7
52363311000,success,2012-08-11,4073333875,30,22,3,24,31,12220001625,506,9,11,6
53638773000,success,2012-08-18,1416438875,41,33,9,40,4,12747949875,507,13,32,12
54010391000,success,2012-08-25,1599557860,43,34,8,35,37,12796462875,508,27,31,5
53390358000,success,2012-09-01,2689076100,43,35,5,42,24,13445380500,509,25,29,12
53964992000,success,2012-09-08,2644158150,40,33,5,39,42,13220790750,510,29,32,12
53970308000,success,2012-09-15,2165579250,42,23,6,26,24,12993475500,511,7,14,3
54017801000,success,2012-09-22,940094452,27,13,13,26,1,12221227875,512,5,9,4
58317548000,success,2012-09-29,4589624750,33,23,3,27,12,13768874250,513,8,21,5
54452404000,success,2012-10-06,4451055500,42,26,3,35,9,13353166500,514,15,20,1
55258935000,success,2012-10-13,13200466875,37,15,1,23,8,13200466875,515,11,12,2
56385762000,success,2012-10-20,1294190182,44,41,11,43,30,14236092000,516,8,23,2
54468223000,success,2012-10-27,2659057725,41,28,5,36,10,13295288625,517,9,12,1
55321566000,success,2012-11-03,2263804125,38,32,6,34,6,13582824750,518,23,30,14
55614206000,success,2012-11-10,1950601393,43,16,7,30,3,13654209750,519,8,13,6
55003797000,success,2012-11-17,2167205438,40,28,6,38,1,13003232625,520,22,27,4
56185373000,success,2012-11-24,1693420922,36,29,8,32,19,13547367375,521,7,18,3
57053378000,success,2012-12-01,2281623000,41,14,6,37,11,13689738000,522,5,13,4
53678449000,success,2012-12-08,1780355840,45,38,7,40,7,12462490875,523,4,37,1
55662103000,success,2012-12-15,3491695594,45,38,4,41,21,13966782375,524,11,29,10
55566007000,success,2012-12-22,1501132375,44,29,9,39,22,13510191375,525,23,26,11
56527807000,success,2012-12-29,1491031959,39,20,9,35,31,13419287625,526,14,17,7
56985634000,success,2013-01-05,1032386366,42,32,13,33,38,13421022750,527,12,22,1
57548541000,success,2013-01-12,1197889125,40,31,11,39,10,13176780375,528,17,25,5
57645779000,success,2013-01-19,1749114797,42,27,8,31,39,13992918375,529,20,24,18
56241083000,success,2013-01-26,1231656239,41,29,11,33,22,13548218625,530,23,27,16
57567064000,success,2013-02-02,1521519750,35,21,9,27,45,13693677750,531,5,9,1
61687384000,success,2013-02-09,2216896286,44,24,7,29,3,15518274000,532,17,23,16
59275357000,success,2013-02-16,1785671579,33,17,8,31,23,14285372625,533,14,15,9
59227462000,success,2013-02-23,14215763250,38,29,1,37,32,14215763250,534,24,26,10
60523884000,success,2013-03-02,4935603000,39,15,3,18,34,14806809000,535,12,14,11
59763469000,success,2013-03-09,1308523603,43,32,11,37,12,14393759625,536,8,18,7
59453323000,success,2013-03-16,2104038911,43,30,7,36,11,14728272375,537,23,26,12
59233373000,success,2013-03-23,4688021625,34,31,3,32,11,14064064875,538,10,18,6
59168870000,success,2013-03-30,1621036667,43,31,9,42,26,14589330000,539,19,22,3
56739658000,success,2013-04-06,1989365250,36,15,7,34,14,13925556750,540,12,13,3
57087047000,success,2013-04-13,1269327171,34,28,11,32,43,13962598875,541,13,26,8
56949161000,success,2013-04-20,2335152563,45,26,6,41,34,14010915375,542,6,19,5
56570245000,success,2013-04-27,1112934844,44,31,12,34,12,13355218125,543,18,26,13
56056189000,success,2013-05-04,1046388433,44,25,13,36,10,13603049625,544,17,21,5
55967171000,success,2013-05-11,1198994353,35,27,11,34,2,13188937875,545,24,25,4
56713166000,success,2013-05-18,405939950,43,27,30,37,6,12178198500,546,17,20,8
57968466000,success,2013-05-25,2838444450,39,22,5,34,28,14192222250,547,7,15,6
57771827000,success,2013-06-01,1736871891,45,21,8,32,14,13894975125,548,12,13,1
56864611000,success,2013-06-08,1760805047,44,38,8,40,17,14086440375,549,31,35,29
56441770000,success,2013-06-15,1118679205,37,20,11,34,41,12305471250,550,7,14,1
56989370000,success,2013-06-22,13526973750,44,24,1,27,25,13526973750,551,6,20,3
57602386000,success,2013-06-29,1330824225,40,32,10,35,43,13308242250,552,10,20,1
56487483000,success,2013-07-06,2249631438,39,28,6,29,37,13497788625,553,7,17,2
56124466000,success,2013-07-13,6813893625,42,32,2,41,6,13627787250,554,14,17,13
57273817000,success,2013-07-20,1711027360,36,24,8,26,12,13688218875,555,17,21,11
57374791000,success,2013-07-27,2005209161,44,28,7,30,43,14036464125,556,20,23,12
55086560000,success,2013-08-03,1888069286,40,28,7,35,31,13216485000,557,20,26,4
54939001000,success,2013-08-10,1315913663,43,26,10,40,29,13159136625,558,15,19,12
55733418000,success,2013-08-17,1926145608,45,32,7,44,23,13483019250,559,12,25,11
56565298000,success,2013-08-24,1976697215,45,23,7,29,28,13836880500,560,4,20,1
56638383000,success,2013-08-31,2753712225,45,37,5,42,20,13768561125,561,7,18,5
56288212000,success,2013-09-07,1166694614,31,17,11,20,33,12833640750,562,11,13,4
57320132000,success,2013-09-14,1932735643,32,17,7,31,21,13529149500,563,10,16,5
58012468000,success,2013-09-21,1934801143,34,26,7,27,2,13543608000,564,19,25,14
59556622000,success,2013-09-28,1742064469,45,27,8,40,38,13936515750,565,10,18,4
57666611000,success,2013-10-05,3508951032,43,25,4,26,41,14035804125,566,5,6,4
57439471000,success,2013-10-12,2318659438,41,16,6,32,28,13911956625,567,10,15,1
57681628000,success,2013-10-19,1305167550,44,20,10,31,40,13051675500,568,3,17,1
58441902000,success,2013-10-26,3467925188,35,23,4,24,1,13871700750,569,6,13,3
57654279000,success,2013-11-02,1527791625,33,27,9,29,42,13750124625,570,12,26,1
56493528000,success,2013-11-09,1966538465,43,26,7,38,29,13765769250,571,18,21,11
56473602000,success,2013-11-16,1668216188,45,33,8,37,1,13345729500,572,13,18,3
56092721000,success,2013-11-23,1645691766,43,34,8,35,14,13165534125,573,4,20,2
55882933000,success,2013-11-30,6965184938,43,19,2,25,2,13930369875,574,15,16,14
56330738000,success,2013-12-07,1699267875,34,30,8,33,6,13594143000,575,8,20,2
54691148000,success,2013-12-14,4321966000,41,25,3,35,13,12965898000,576,11,15,10
57010827000,success,2013-12-21,4484438375,37,31,3,34,33,13453315125,577,17,22,16
58584741000,success,2013-12-28,2796466575,42,32,5,34,16,13982332875,578,12,14,5
63532871000,success,2014-01-04,1396068444,42,22,11,37,39,15356752884,579,7,20,5
60514216000,success,2014-01-11,2028610500,35,11,7,32,33,14200273500,580,7,9,5
60257457000,success,2014-01-18,1844554547,44,20,8,42,33,14756436376,581,5,14,3
59306953000,success,2014-01-25,3560558719,41,33,4,40,25,14242234876,582,12,14,2
62675295000,success,2014-02-01,1341848353,44,33,11,40,24,14760331883,583,17,27,8
61343856000,success,2014-02-08,5033183250,41,39,3,40,36,15099549750,584,18,30,7
60253002000,success,2014-02-15,1620546334,41,16,9,38,4,14584917006,585,7,10,6
59502096000,success,2014-02-22,1778354344,34,15,8,21,5,14226834752,586,7,12,2
59715499000,success,2014-03-01,4974577375,37,31,3,32,17,14923732125,587,21,29,14
59533101000,success,2014-03-08,2889342075,41,22,5,25,30,14446710375,588,8,15,2
60643729000,success,2014-03-15,2136877983,39,33,7,38,22,14958145881,589,8,28,6
60003131000,success,2014-03-22,2185183983,45,38,7,41,23,15296287881,590,30,36,20
59373946000,success,2014-03-29,2964676200,39,30,5,38,5,14823381000,591,13,14,8
58097477000,success,2014-04-05,2356381688,44,13,6,28,43,14138290128,592,5,6,2
59368204000,success,2014-04-12,1532833500,38,24,9,33,28,13795501500,593,10,13,9
57764442000,success,2014-04-19,1255592796,37,25,11,28,3,13811520756,594,8,13,2
57797288000,success,2014-04-26,1744525219,40,35,8,38,5,13956201752,595,24,28,8
56561071000,success,2014-05-03,1328267663,43,14,10,25,17,13282676630,596,4,12,3
56832361000,success,2014-05-10,1057920606,43,24,13,35,37,13752967878,597,10,23,8
57518550000,success,2014-05-17,833998594,45,33,16,38,22,13343977504,598,12,24,4
57381791000,success,2014-05-24,1710918329,35,29,8,34,27,13687346632,599,12,17,5
56372519000,success,2014-05-31,901798725,36,27,15,29,44,13526980875,600,11,14,5
55868455000,success,2014-06-07,1524565209,35,31,9,34,37,13721086881,601,16,19,2
56262855000,success,2014-06-14,1689530860,38,27,8,30,2,13516246880,602,14,22,13
56276650000,success,2014-06-21,3452136563,43,26,4,27,28,13808546252,603,19,25,2
56266399000,success,2014-06-28,1229141557,34,21,11,33,30,13520557127,604,6,18,2
56622924000,success,2014-07-05,1394232250,38,9,9,10,42,12548090250,605,2,7,1
56928896000,success,2014-07-12,1311566850,39,14,10,20,22,13115668500,606,5,6,1
56806213000,success,2014-07-19,3494480907,39,36,4,38,13,13977923628,607,14,23,8
56146117000,success,2014-07-26,1943530018,44,19,7,39,41,13604710126,608,8,18,4
54858201000,success,2014-08-02,6339311438,40,34,2,39,13,12678622876,609,8,27,4
56862756000,success,2014-08-09,3516018375,36,23,4,28,33,14064073500,610,18,20,14
57411079000,success,2014-08-16,3502706157,37,33,4,36,14,14010824628,611,22,27,2
56931314000,success,2014-08-23,1181705250,33,19,11,25,40,12998757750,612,9,18,6
57986249000,success,2014-08-30,1549831209,44,16,9,41,35,13948480881,613,8,11,7
62301977000,success,2014-09-06,2540975438,44,39,6,40,18,15245852628,614,21,25,8
59072378000,success,2014-09-13,1535062417,27,19,9,23,35,13815561753,615,17,18,10
60303360000,success,2014-09-20,1611811250,45,23,9,40,3,14506301250,616,13,18,5
58958123000,success,2014-09-27,1629701860,27,12,8,24,28,13037614880,617,5,11,4
58550803000,success,2014-10-04,2881326225,43,30,5,42,15,14406631125,618,16,25,8
58822925000,success,2014-10-11,4612479375,40,30,3,35,21,13837438125,619,8,13,6
58342777000,success,2014-10-18,2028283233,45,32,7,39,40,14197982631,620,16,17,2
59407216000,success,2014-10-25,2359723500,42,16,6,19,9,14158341000,621,2,6,1
59601329000,success,2014-11-01,1630598292,34,21,9,28,24,14675384628,622,15,16,9
58504142000,success,2014-11-08,1813702594,45,39,8,41,25,14509620752,623,13,30,7
57832726000,success,2014-11-15,2763729450,35,26,5,27,16,13818647250,624,7,19,1
58614979000,success,2014-11-22,2765184675,39,20,5,21,13,13825923375,625,6,7,3
58986187000,success,2014-11-29,1717871110,43,33,8,40,15,13742968880,626,14,26,13
55981334000,success,2014-12-06,1352230650,45,25,10,31,12,13522306500,627,9,22,2
57253109000,success,2014-12-13,1499942875,42,15,9,23,11,13499485875,628,7,12,1
57618701000,success,2014-12-20,2919433575,44,38,5,43,1,14597167875,629,28,31,19
61335894000,success,2014-12-27,4836305500,31,24,3,27,15,14508916500,630,17,21,8
65300621000,success,2015-01-03,3919853532,34,23,4,31,8,15679414128,631,2,4,1
63066603000,success,2015-01-10,1432587716,44,32,11,35,6,15758464876,632,18,21,15
62015797000,success,2015-01-17,1217257094,41,20,12,39,13,14607085128,633,12,19,9
63149567000,success,2015-01-24,1077935106,27,12,13,20,38,14013156378,634,10,11,4
62429621000,success,2015-01-31,1855587235,33,26,8,29,32,14844697880,635,13,25,11
62786394000,success,2015-02-07,1832362219,31,16,8,20,26,14658897752,636,7,15,6
63504865000,success,2015-02-14,3899241094,44,37,4,38,23,15596964376,637,16,22,3
64319586000,success,2015-02-21,2229403179,34,24,7,31,6,15605822253,638,18,22,7
66202599000,success,2015-02-28,4061185219,32,23,4,25,40,16244740876,639,15,22,6
64080502000,success,2015-03-07,1728768834,35,21,9,26,23,15558919506,640,15,18,14
63773134000,success,2015-03-14,1990074563,43,36,8,37,12,15920596504,641,18,21,11
63544224000,success,2015-03-21,1251460438,45,24,12,39,32,15017525256,642,17,18,8
63110068000,success,2015-03-28,2535763625,40,32,6,33,13,15214581750,643,24,31,15
61846599000,success,2015-04-04,1831451204,36,23,8,28,8,14651609632,644,13,17,5
62661756000,success,2015-04-11,3696297750,41,26,4,40,31,14785191000,645,4,16,1
62308090000,success,2015-04-18,2215498393,45,41,7,43,30,15508488751,646,9,24,2
62314338000,success,2015-04-25,2189725608,30,23,7,24,29,15328079256,647,16,21,5
60874405000,success,2015-05-02,2120987947,43,37,7,38,4,14846915629,648,19,28,13
60473178000,success,2015-05-09,2948042100,42,33,5,41,20,14740210500,649,21,22,3
60991082000,success,2015-05-16,2849298900,41,11,5,31,35,14246494500,650,4,7,3
61494891000,success,2015-05-23,1855306454,44,26,8,29,18,14842451632,651,12,16,11
60426977000,success,2015-05-30,3003483525,44,40,5,41,20,15017417625,652,13,15,3
59716037000,success,2015-06-06,980958670,39,27,14,38,1,13733421380,653,6,26,5
60697813000,success,2015-06-13,1879301391,43,31,8,36,6,15034411128,654,21,26,16
60434801000,success,2015-06-20,1661439625,44,39,9,40,18,14952956625,655,37,38,7
61328118000,success,2015-06-27,7330002750,40,16,2,31,39,14660005500,656,7,14,3
61769837000,success,2015-07-04,1694762792,43,39,9,40,23,15252865128,657,14,19,10
61131243000,success,2015-07-11,1634031375,36,28,9,32,37,14706282375,658,19,25,8
61677747000,success,2015-07-18,1336604216,42,27,11,29,45,14702646376,659,18,19,7
60813322000,success,2015-07-25,1421272575,44,33,10,39,14,14212725750,660,9,23,4
59597375000,success,2015-08-01,1713025547,38,20,8,27,40,13704204376,661,3,12,2
59164542000,success,2015-08-08,1689733688,37,11,8,15,26,13517869504,662,6,9,5
61100704000,success,2015-08-15,2080244143,42,19,7,38,20,14561709001,663,5,8,3
61921689000,success,2015-08-22,1536801338,44,36,10,41,5,15368013380,664,20,33,10
61885874000,success,2015-08-29,3643230375,44,17,4,38,13,14572921500,665,6,11,5
62652917000,success,2015-09-05,2396901063,28,11,6,17,16,14381406378,666,4,6,2
63421632000,success,2015-09-12,2228764393,43,37,7,42,13,15601350751,667,17,25,15
63346405000,success,2015-09-19,2991158625,32,24,5,27,3,14955793125,668,14,15,12
67952211000,success,2015-09-26,2708173188,38,29,6,33,9,16249039128,669,8,20,7
62242687000,success,2015-10-03,1191725219,41,27,12,40,25,14300702628,670,18,26,11
63940807000,success,2015-10-10,3722322844,35,13,4,31,24,14889291376,671,9,10,7
63542330000,success,2015-10-17,1754745000,45,31,9,36,43,15792705000,672,21,28,8
63163578000,success,2015-10-24,1491453300,44,29,10,33,5,14914533000,673,10,17,7
61386974000,success,2015-10-31,1770565500,31,25,8,27,11,14164524000,674,10,14,9
60458623000,success,2015-11-07,3514549032,45,15,4,18,7,14058196128,675,8,11,1
62147642000,success,2015-11-14,1879726500,45,34,8,39,27,15037812000,676,8,17,1
62267624000,success,2015-11-21,1921114407,44,36,8,41,42,15368915256,677,15,24,12
60887293000,success,2015-11-28,2288490188,37,12,6,25,45,13730941128,678,5,6,4
62220918000,success,2015-12-05,2863005600,34,14,5,26,35,14315028000,679,5,7,3
64245201000,success,2015-12-12,1110570563,42,29,14,32,30,15547987882,680,10,19,4
63268253000,success,2015-12-19,2696328938,44,29,6,43,7,16177973628,681,24,27,21
66757858000,success,2015-12-26,4063713563,43,35,4,38,2,16254854252,682,23,27,17
71940091000,success,2016-01-02,1010930883,40,27,16,28,15,16174894128,683,13,20,6
66623887000,success,2016-01-09,1688815709,39,17,9,25,40,15199341381,684,11,15,1
69126675000,success,2016-01-16,1494367671,40,28,11,38,18,16438044381,685,7,12,6
65274010000,success,2016-01-23,1937531719,43,24,8,25,13,15500253752,686,12,15,7
68044669000,success,2016-01-30,2720029313,42,13,6,28,45,16320175878,687,8,10,1
73095612000,success,2016-02-06,1967536750,35,23,9,34,2,17707830750,688,15,22,5
67460147000,success,2016-02-13,2321775911,38,30,7,36,34,16252431377,689,17,19,7
69142025000,success,2016-02-20,1126507625,39,34,15,38,43,16897614375,690,25,33,24
68590328000,success,2016-02-27,2839296750,45,35,6,43,16,17035780500,691,27,33,15
66390499000,success,2016-03-05,2301273697,36,15,7,32,44,16108915879,692,11,14,3
67352935000,success,2016-03-12,1642763813,42,28,10,34,30,16427638130,693,6,11,1
67533257000,success,2016-03-19,1555036388,43,25,10,33,12,15550363880,694,15,20,7
67672085000,success,2016-03-26,1450214830,38,33,11,34,14,15952363130,695,18,26,4
67542971000,success,2016-04-02,1632054413,38,18,10,34,21,16320544130,696,7,16,1
66966141000,success,2016-04-09,1531443038,39,11,10,33,31,15314430380,697,5,8,2
66283268000,success,2016-04-16,1921084125,37,21,8,33,18,15368673000,698,11,13,3
66743146000,success,2016-04-23,1995411375,29,16,8,21,3,15963291000,699,5,8,4
66846276000,success,2016-04-30,2082099188,44,29,8,30,13,16656793504,700,23,28,11
64454138000,success,2016-05-07,1583183175,38,16,10,36,35,15831831750,701,10,14,3
66219854000,success,2016-05-14,1465091387,29,24,11,26,9,16116005257,702,13,16,3
65728988000,success,2016-05-21,3235784100,44,33,5,41,21,16178920500,703,28,31,10
65930117000,success,2016-05-28,3865190344,42,23,4,33,45,15460761376,704,4,8,1
65859843000,success,2016-06-04,3987206532,45,22,4,28,23,15948826128,705,6,17,1
65723488000,success,2016-06-11,3831746063,30,10,4,28,37,15326984252,706,4,6,3
66813924000,success,2016-06-18,1322167313,44,24,12,39,35,15866007756,707,12,19,2
66806307000,success,2016-06-25,4099552219,45,19,4,34,1,16398208876,708,10,16,2
65592504000,success,2016-07-02,1165271625,44,36,14,39,32,16313802750,709,18,30,10
65083972000,success,2016-07-09,2895441150,33,24,5,25,10,14477205750,710,4,9,3
66152746000,success,2016-07-16,2277413358,45,35,7,37,42,15941893506,711,15,24,11
66136318000,success,2016-07-23,4034485125,45,31,4,33,19,16137940500,712,20,30,17
64646552000,success,2016-07-30,1714720917,23,18,9,19,44,15432488253,713,5,15,2
64099989000,success,2016-08-06,2085131733,40,33,7,37,20,14595922131,714,7,22,1
65794607000,success,2016-08-13,2605510438,44,33,6,41,10,15633062628,715,7,27,2
67040169000,success,2016-08-20,1358752157,30,16,12,29,21,16305025884,716,6,13,2
68597839000,success,2016-08-27,2702433688,32,25,6,28,44,16214602128,717,11,19,2
69400763000,success,2016-09-03,926166464,39,23,17,32,40,15744829888,718,11,20,4
71378392000,success,2016-09-10,1879581334,43,19,9,20,26,16916232006,719,8,13,4
69939090000,success,2016-09-17,1233770358,37,34,14,36,41,17272785012,720,12,29,1
71627567000,success,2016-09-24,2273767360,44,41,8,43,31,18190138880,721,28,35,1
69446489000,success,2016-10-01,4365422719,43,30,4,39,45,17461690876,722,14,21,12
67750231000,success,2016-10-08,2114365360,44,35,8,36,22,16914922880,723,30,33,20
69987274000,success,2016-10-15,1427789813,41,35,12,37,14,17133477756,724,8,33,2
70208676000,success,2016-10-22,1579217250,43,21,11,41,38,17371389750,725,7,19,6
68799295000,success,2016-10-29,1166872634,44,23,14,34,24,16336216876,726,11,21,1
67559139000,success,2016-11-05,1115107742,31,19,14,21,20,15611508388,727,8,10,7
68306112000,success,2016-11-12,3243464400,37,30,5,34,36,16217322000,728,6,10,3
68784161000,success,2016-11-19,4198250719,45,26,4,36,16,16793002876,729,17,21,11
66934105000,success,2016-11-26,2017382110,22,15,8,18,39,16139056880,730,10,14,4
69239673000,success,2016-12-03,2340471054,45,25,7,42,39,16383297378,731,7,13,2
68645948000,success,2016-12-10,2203270608,32,17,7,27,43,15422894256,732,4,5,2
69321488000,success,2016-12-17,4016725125,40,33,4,35,13,16066900500,733,24,32,11
71457582000,success,2016-12-24,1949395500,45,38,9,41,18,17544559500,734,16,37,6
77488209000,success,2016-12-31,1847231588,41,27,10,37,4,18472315880,735,10,13,5
73510203000,success,2017-01-07,3397362225,27,18,5,21,6,16986811125,736,11,17,2
70775944000,success,2017-01-14,4283061000,41,24,4,27,11,17132244000,737,15,18,13
71768122000,success,2017-01-21,1634191091,43,38,11,42,36,17976102001,738,27,28,23
77999661000,success,2017-01-28,4744122282,35,33,4,34,30,18976489128,739,22,29,7
75186520000,success,2017-02-04,936929792,19,16,18,17,31,16864736256,740,8,9,4
74392585000,success,2017-02-11,3043595938,45,34,6,44,16,18261575628,741,21,27,5
73857792000,success,2017-02-18,1111814813,40,36,16,37,6,17789037008,742,10,13,8
73436852000,success,2017-02-25,2608641000,44,34,7,41,10,18260487000,743,19,21,15
73507293000,success,2017-03-04,1155411575,41,21,15,34,43,17331173625,744,15,18,10
73575119000,success,2017-03-11,746822982,23,9,20,12,10,14936459640,745,2,3,1
74239579000,success,2017-03-18,2038623709,45,36,9,42,25,18347613381,746,12,33,3
73337880000,success,2017-03-25,1903214584,28,14,9,23,17,17128931256,747,9,12,7
72750277000,success,2017-04-01,1928246542,32,22,9,31,29,17354218878,748,10,13,3
72252889000,success,2017-04-08,1350104395,45,26,13,34,41,17551357135,749,14,24,12
72248100000,success,2017-04-15,2522104286,36,19,7,24,12,17654730002,750,2,15,1
71534233000,success,2017-04-22,2097968110,44,20,8,28,17,16783744880,751,4,16,3
71600822000,success,2017-04-29,1870358834,43,33,9,40,7,16833229506,752,16,20,4
68915001000,success,2017-05-06,2711105063,41,24,6,37,3,16266630378,753,17,19,2
70765850000,success,2017-05-13,3427542000,31,24,5,29,32,17137710000,754,8,17,2
71300635000,success,2017-05-20,2214427266,36,28,8,30,37,17715418128,755,14,26,13
70992946000,success,2017-05-27,3414434700,28,18,5,27,4,17072173500,756,14,16,10
71053002000,success,2017-06-03,739839858,44,17,21,33,1,15536637018,757,7,11,6
71764259000,success,2017-06-10,2078969954,43,30,8,39,24,16631759632,758,9,12,5
72632208000,success,2017-06-17,3032670500,43,40,6,42,32,18196023000,759,33,36,9
72200797000,success,2017-06-24,2253299391,43,31,8,42,12,18026395128,760,22,27,10
71415903000,success,2017-07-01,2392730518,45,24,7,42,30,16749113626,761,7,11,4
70558895000,success,2017-07-08,1631432063,41,21,10,26,16,16314320630,762,3,12,1
70652100000,success,2017-07-15,2138130000,43,32,8,34,10,17105040000,763,8,16,3
70318932000,success,2017-07-22,2459975465,36,31,7,34,15,17219828255,764,22,24,7
70972360000,success,2017-07-29,1109214250,43,12,15,42,33,16638213750,765,3,8,1
69500769000,success,2017-08-05,2173637297,41,35,8,39,21,17389098376,766,30,34,9
71285599000,success,2017-08-12,1163768725,42,31,15,34,22,17456530875,767,15,20,5
72306975000,success,2017-08-19,1363572260,44,30,13,38,4,17726439380,768,27,29,7
72873431000,success,2017-08-26,1930760042,45,16,9,41,4,17376840378,769,7,11,5
74166379000,success,2017-09-02,2163099329,43,23,8,39,34,17304794632,770,9,12,1
73545939000,success,2017-09-09,4362644907,29,18,4,21,30,17450579628,771,10,17,6
74375369000,success,2017-09-16,1769608838,41,14,10,21,32,17696088380,772,6,11,5
74560597000,success,2017-09-23,1609403080,35,21,11,31,44,17703433880,773,12,19,8
77347021000,success,2017-09-30,1709721512,42,28,11,34,9,18806936632,774,15,18,12
70795452000,success,2017-10-07,3470437650,42,33,5,38,17,17352188250,775,12,29,11
74826082000,success,2017-10-14,2557579393,40,21,7,28,20,17903055751,776,9,18,8
75534360000,success,2017-10-21,833468036,37,21,21,34,18,17502828756,777,12,17,6
75075606000,success,2017-10-28,6264069500,41,36,3,37,11,18792208500,778,21,35,6
73773676000,success,2017-11-04,1527709296,41,24,11,34,4,16804802256,779,12,19,6
74232084000,success,2017-11-11,1667520137,45,21,11,27,16,18342721507,780,17,19,15
72483157000,success,2017-11-18,1882891542,39,19,9,24,43,16946023878,781,16,18,11
72253973000,success,2017-11-25,1946487625,45,34,9,38,20,17518388625,782,18,31,6
73525256000,success,2017-12-02,4603964625,45,17,4,38,36,18415858500,783,15,16,14
74311382000,success,2017-12-09,1908678000,39,24,9,31,22,17178102000,784,10,23,3
72974563000,success,2017-12-16,2886622688,33,25,6,26,40,17319736128,785,6,15,4
75930156000,success,2017-12-23,4551365250,30,20,4,24,38,18205461000,786,15,16,12
79593923000,success,2017-12-30,3092108313,28,16,6,27,9,18552649878,787,6,13,5
78121882000,success,2018-01-06,1401475154,39,19,13,35,29,18219177002,788,10,11,2
76136603000,success,2018-01-13,1140976825,45,12,15,19,38,17114652375,789,6,7,2
78978881000,success,2018-01-20,1160516274,41,27,16,30,12,18568260384,790,8,19,3
74205844000,success,2018-01-27,1253081893,42,31,14,33,32,17543146502,791,10,12,2
76339003000,success,2018-02-03,2655736768,36,25,7,29,16,18590157376,792,7,19,2
76177477000,success,2018-02-10,3750146775,43,35,5,38,31,18750733875,793,15,21,10
79941579000,success,2018-02-17,2650940304,38,19,7,30,13,18556582128,794,7,18,6
79661342000,success,2018-02-24,1714977000,38,26,11,34,36,18864747000,795,10,13,3
77685943000,success,2018-03-03,2763490340,41,36,7,40,5,19344432380,796,21,26,1
77339940000,success,2018-03-10,2397028125,45,32,8,39,36,19176225000,797,22,31,5
77038759000,success,2018-03-17,2710791911,36,22,7,32,41,18975543377,798,10,14,2
76708986000,success,2018-03-24,1826427225,45,34,10,42,33,18264272250,799,17,23,12
76994062000,success,2018-03-31,1632246205,45,12,11,28,26,17954708255,800,4,10,1
74034792000,success,2018-04-07,2256786657,44,37,8,43,2,18054293256,801,25,28,17
75146781000,success,2018-04-14,1082947993,42,18,16,24,27,17327167888,802,11,12,10
75670793000,success,2018-04-21,3663810225,43,26,5,30,2,18319051125,803,9,14,5
74557028000,success,2018-04-28,1631996523,36,26,11,32,9,17951961753,804,10,13,1
73065981000,success,2018-05-05,4266061969,32,18,4,31,42,17064247876,805,12,13,3
74030583000,success,2018-05-12,2640760875,38,31,7,37,27,18485326125,806,20,23,14
73831580000,success,2018-05-19,2437662322,35,25,7,34,33,17063636254,807,10,18,6
74911438000,success,2018-05-26,3087620500,43,32,6,41,24,18525723000,808,21,31,15
74214104000,success,2018-06-02,2921372750,40,17,6,23,39,17528236500,809,11,15,6
74388355000,success,2018-06-09,2231598047,43,21,8,39,11,17852784376,810,10,13,5
74570813000,success,2018-06-16,2524148197,45,21,7,36,25,17669037379,811,11,19,8
74147816000,success,2018-06-23,2947954750,43,14,6,16,10,17687728500,812,3,12,1
73394947000,success,2018-06-30,4591763157,44,35,4,42,27,18367052628,813,30,34,11
74316543000,success,2018-07-07,3067192063,45,38,6,42,30,18403152378,814,21,28,2
73416400000,success,2018-07-14,2579855358,36,26,7,27,4,18058987506,815,21,25,17
72397826000,success,2018-07-21,2128107938,39,29,8,31,7,17024863504,816,18,19,12
72552766000,success,2018-07-28,1868477334,43,13,9,25,34,16816296006,817,9,12,3
71793353000,success,2018-08-04,1380804318,30,28,13,29,3,17950456134,818,15,25,14
74578907000,success,2018-08-11,2594534840,45,38,7,40,15,18161743880,819,25,33,16
75744571000,success,2018-08-18,4627313532,42,30,4,35,6,18509254128,820,21,22,10
76118239000,success,2018-08-25,1316155956,44,24,14,29,16,18426183384,821,12,13,1
75681739000,success,2018-09-01,5930898625,36,24,3,27,12,17792695875,822,18,20,9
77400124000,success,2018-09-08,2009843917,40,26,9,39,15,18088595253,823,18,24,12
78257422000,success,2018-09-15,1256646550,38,29,15,34,26,18849698250,824,9,24,7
82890578000,success,2018-09-22,1658710563,38,31,12,33,42,19904526756,825,15,21,8
78218740000,success,2018-09-29,2075192084,36,25,9,33,42,18676728756,826,16,24,13
76490125000,success,2018-10-06,1206500375,44,29,15,33,14,18097505625,827,11,12,5
77552827000,success,2018-10-13,1455185972,39,29,13,31,18,18917417636,828,7,13,4
77998807000,success,2018-10-20,2444650641,45,35,8,43,29,19557205128,829,5,31,4
77714000000,success,2018-10-27,2060528750,38,18,9,37,17,18544758750,830,6,16,5
77622753000,success,2018-11-03,1110702258,39,19,16,31,9,17771236128,831,10,16,3
77411900000,success,2018-11-10,2088204584,43,26,9,40,30,18793841256,832,14,19,13
77738402000,success,2018-11-17,2356317282,42,39,8,41,19,18850538256,833,18,30,12
75941791000,success,2018-11-24,1690693671,43,35,11,42,3,18597630381,834,8,18,6
77694435000,success,2018-12-01,1233681125,45,28,15,38,35,18505216875,835,10,13,9
74536697000,success,2018-12-08,1257843670,28,14,14,26,19,17609811380,836,9,11,1
76614176000,success,2018-12-15,3144449125,45,30,6,33,6,18866694750,837,25,28,2
79414484000,success,2018-12-22,3813733050,38,33,5,36,20,19068665250,838,14,17,9
79219710000,success,2018-12-29,1359454904,19,12,13,13,35,17672913752,839,9,11,3
84057771000,success,2019-01-05,2042961788,43,28,10,29,27,20429617880,840,4,11,2
81580789000,success,2019-01-12,1116095714,38,30,17,33,24,18973627138,841,11,14,5
81957444000,success,2019-01-19,2035475025,42,36,10,39,38,20354750250,842,26,32,14
81857498000,success,2019-01-26,4012970100,42,33,5,34,4,20064850500,843,21,30,19
87805610000,success,2019-02-02,1162963542,45,15,18,33,18,20933343756,844,8,13,7
83884034000,success,2019-02-09,1891217182,45,33,11,40,6,20803389002,845,16,29,1
83936839000,success,2019-02-16,1596884395,45,41,13,43,13,20759497135,846,18,30,5
83782512000,success,2019-02-23,2520846657,42,28,8,30,22,20166773256,847,16,26,12
84523266000,success,2019-03-02,3011580858,39,22,7,38,34,21081066006,848,2,16,1
82333674000,success,2019-03-09,1158252883,39,29,17,34,3,19690299011,849,13,17,5
81474176000,success,2019-03-16,3377587875,39,28,6,36,5,20265527250,850,20,24,16
81099116000,success,2019-03-23,2483692313,44,26,8,31,40,19869538504,851,18,22,14
81470793000,success,2019-03-30,4801543407,35,30,4,33,9,19206173628,852,17,28,11
82244370000,success,2019-04-06,2885006786,44,26,7,27,13,20195047502,853,8,23,2
81823338000,success,2019-04-13,3421706750,43,32,6,36,3,20530240500,854,25,31,20
82374732000,success,2019-04-20,2269510500,44,19,9,43,7,20425594500,855,15,17,8
80496424000,success,2019-04-27,3977927550,44,41,5,43,17,19889637750,856,24,40,10
80933117000,success,2019-05-04,1284915425,38,28,15,34,43,19273731375,857,10,16,6
81366889000,success,2019-05-11,2202347459,43,38,9,39,23,19821127131,858,13,32,9
80944223000,success,2019-05-18,1853927489,41,38,11,39,24,20393202379,859,22,35,8
81846672000,success,2019-05-25,1879899825,32,25,10,27,42,18798998250,860,8,18,4
81032551000,success,2019-06-01,4872108844,25,21,4,22,24,19488435376,861,17,19,11
80609005000,success,2019-06-08,2190922709,43,40,9,42,32,19718304381,862,34,38,10
81288540000,success,2019-06-15,2853357322,43,35,7,39,12,19973501254,863,21,28,16
82220290000,success,2019-06-22,1716553637,36,13,11,25,32,18882090007,864,7,10,3
81748217000,success,2019-06-29,1551729145,45,32,13,33,2,20172478885,865,15,22,3
81961886000,success,2019-07-06,2240409000,39,34,9,37,12,20163681000,866,15,29,9
81607190000,success,2019-07-13,3933755250,40,22,5,24,41,19668776250,867,17,19,14
80549078000,success,2019-07-20,3233804250,44,41,6,43,25,19402825500,868,17,28,12
80268389000,success,2019-07-27,1922582588,39,27,10,37,4,19225825880,869,6,20,2
78688663000,success,2019-08-03,1928842988,42,32,10,40,31,19288429880,870,25,30,21
79527502000,success,2019-08-10,2718071358,34,26,7,30,38,19026499506,871,6,12,2
81002518000,success,2019-08-17,1262705579,43,32,16,33,29,20203289264,872,4,30,2
82375586000,success,2019-08-24,1874553225,39,13,10,33,38,18745532250,873,5,12,3
82990138000,success,2019-08-31,1117123917,42,23,18,28,32,20108230506,874,15,19,1
80635281000,success,2019-09-07,1415946724,44,34,14,39,36,19823254136,875,22,30,19
85088368000,success,2019-09-14,1090657856,42,26,19,34,24,20722499264,876,16,21,5
84584730000,success,2019-09-21,1716607188,43,22,12,23,12,20599286256,877,17,18,5
84183676000,success,2019-09-28,3207993500,31,16,6,25,3,19247961000,878,6,11,2
83174251000,success,2019-10-05,3206361313,35,14,6,15,20,19238167878,879,4,10,1
83862502000,success,2019-10-12,2837810465,45,23,7,24,38,19864673255,880,17,19,7
84495552000,success,2019-10-19,2503212282,32,26,8,27,9,20025698256,881,18,20,4
84351602000,success,2019-10-26,4127270400,45,43,5,44,23,20636352000,882,34,39,18
85624171000,success,2019-11-02,1360519525,44,33,15,37,22,20407792875,883,18,32,9
86554613000,success,2019-11-09,1799077282,45,28,12,37,17,21588927384,884,14,23,4
83396319000,success,2019-11-16,1543832568,45,27,13,39,31,20069823384,885,3,24,1
84186094000,success,2019-11-23,2974643786,45,37,7,42,2,20822506502,886,23,28,19
84416872000,success,2019-11-30,2535268688,45,27,8,36,10,20282149504,887,14,17,8
82777313000,success,2019-12-07,2370359204,38,31,8,34,32,18962873632,888,7,12,3
86734222000,success,2019-12-14,2108986950,42,38,10,39,26,21089869500,889,13,29,3
86693498000,success,2019-12-21,2335486167,37,18,9,29,6,21019375503,890,4,14,1
89742677000,success,2019-12-28,3082673947,41,31,7,39,19,21578717629,891,13,28,9
93091115000,success,2020-01-04,1282017464,42,18,17,26,36,21794296888,892,9,17,4
87661567000,success,2020-01-11,2377433625,41,23,9,25,10,21396902625,893,15,17,1
88465183000,success,2020-01-18,2377935959,43,40,9,41,45,21401423631,894,32,37,19
96962255000,success,2020-01-25,1928079219,41,38,12,39,23,23136950628,895,26,31,16
90461998000,success,2020-02-01,3053222036,45,26,7,38,23,21372554252,896,12,25,5
88231474000,success,2020-02-08,1619922520,36,22,13,26,29,21058992760,897,7,12,6
90067839000,success,2020-02-15,2639313235,42,35,8,37,17,21114505880,898,21,28,18
85877347000,success,2020-02-22,3359356063,39,21,6,33,37,20156136378,899,19,20,8
83639372000,success,2020-02-29,3349851375,38,18,6,35,14,20099108250,900,13,16,7
84783962000,success,2020-03-07,2267974667,34,23,9,30,21,20411772003,901,18,20,5
87501981000,success,2020-03-14,1619317529,39,24,13,36,30,21051127877,902,19,23,7
88625160000,success,2020-03-21,1684582212,28,21,13,22,45,21899568756,903,15,16,2
88938220000,success,2020-03-28,2718077813,45,26,8,43,11,21744622504,904,6,8,2
90357634000,success,2020-04-04,3017862536,40,27,7,38,20,21125037752,905,4,16,3
90948274000,success,2020-04-11,2472607250,32,28,9,31,20,22253465250,906,5,14,2
89331282000,success,2020-04-18,3165059036,44,38,7,40,37,22155413252,907,27,29,21
89923601000,success,2020-04-25,2834856141,44,22,8,23,30,22678849128,908,16,21,3
89543261000,success,2020-05-02,2021062875,35,30,11,34,33,22231691625,909,24,29,7
86308857000,success,2020-05-09,941316375,39,27,21,35,31,19767643875,910,11,17,1
89332410000,success,2020-05-16,2113538625,42,14,10,32,35,21135386250,911,5,12,4
88599155000,success,2020-05-23,1493500581,38,21,14,22,10,20909008134,912,8,18,5
89336949000,success,2020-05-30,1338755602,37,21,16,27,40,21420089632,913,14,16,6
89558503000,success,2020-06-06,1950005557,44,33,11,42,27,21450061127,914,19,24,16
87862418000,success,2020-06-13,3518640500,37,13,6,22,14,21111843000,915,6,11,2
89133044000,success,2020-06-20,2025384341,36,32,11,35,17,22279227751,916,21,22,6
88950867000,success,2020-06-27,2144799638,43,24,10,27,34,21447996380,917,3,23,1
89200857000,success,2020-07-04,1117622646,38,31,18,33,5,20117207628,918,11,12,7
90218056000,success,2020-07-11,4305150450,44,18,5,42,35,21525752250,919,14,17,9
89805177000,success,2020-07-18,3120260197,43,33,7,34,29,21841821379,920,3,26,2
89888341000,success,2020-07-25,1232573405,41,22,17,28,1,20953747885,921,7,12,5
89266682000,success,2020-08-01,3417904500,43,17,6,27,36,20507427000,922,6,13,2
87867402000,success,2020-08-08,2667554625,41,23,8,36,26,21340437000,923,17,18,3
87708256000,success,2020-08-15,2382430667,44,42,9,43,13,21441876003,924,11,34,3
87901067000,success,2020-08-22,1771080532,42,34,12,39,4,21252966384,925,24,32,13
88372251000,success,2020-08-29,2032490663,31,20,10,25,6,20324906630,926,16,18,10
91067752000,success,2020-09-05,3714203875,43,38,6,41,26,22285223250,927,15,22,4
90818982000,success,2020-09-12,3134591358,44,20,7,28,30,21942139506,928,4,10,3
92344620000,success,2020-09-19,1308035157,23,15,16,19,4,20928562512,929,9,12,7
94518415000,success,2020-09-26,2832418829,44,38,8,39,28,22659350632,930,21,25,8
95695802000,success,2020-10-03,2957108063,43,25,8,35,32,23656864504,931,15,23,14
96049289000,success,2020-10-10,3390022983,38,36,7,37,5,23730160881,932,6,15,1
93484851000,success,2020-10-17,2927797079,45,31,8,36,37,23422376632,933,27,29,23
93028347000,success,2020-10-24,5765772844,39,33,4,36,12,23063091376,934,3,30,1
93934898000,success,2020-10-31,1711055424,44,32,13,38,18,22243720512,935,10,20,4
92246146000,success,2020-11-07,1492069179,29,17,14,18,43,20888968506,936,11,13,7
93720454000,success,2020-11-14,2058420819,40,22,11,29,26,22642629009,937,10,13,2
93452425000,success,2020-11-21,2249466563,36,16,10,31,9,22494665630,938,8,10,4
93340002000,success,2020-11-28,1708363039,45,39,13,42,6,22208719507,939,11,28,4
93920183000,success,2020-12-05,2846071079,41,22,8,24,11,22768568632,940,15,20,3
94867600000,success,2020-12-12,1347297422,40,27,16,39,35,21556758752,941,14,25,12
92731965000,success,2020-12-19,3761680313,43,35,6,42,39,22570081878,942,12,18,10
100081432000,success,2020-12-26,3435045108,45,36,7,44,39,24045315756,943,8,13,1
107181377000,success,2021-01-02,1961836356,33,19,13,32,42,25503872628,944,13,16,2
94837109000,success,2021-01-09,1765554491,37,30,13,33,26,22952208383,945,10,15,9
99380178000,success,2021-01-16,2157656182,40,30,11,34,20,23734218002,946,18,19,9
99449916000,success,2021-01-23,1275855750,35,20,18,27,26,22965403500,947,8,17,3
100519459000,success,2021-01-30,2188548716,41,31,11,38,5,24074035876,948,18,30,13
100518909000,success,2021-02-06,2458569713,44,36,10,40,30,24585697130,949,21,35,14
108870714000,success,2021-02-13,3281920500,40,22,8,28,10,26255364000,950,4,15,3
102937006000,success,2021-02-20,1747552661,43,31,14,39,38,24465737254,951,12,30,2
102355646000,success,2021-02-27,2713699834,41,24,9,33,38,24423298506,952,12,22,4
99180891000,success,2021-03-06,1640636009,42,27,14,37,34,22968904126,953,9,22,7
101455314000,success,2021-03-13,2478795900,41,28,10,30,32,24787959000,954,9,26,1
99784736000,success,2021-03-20,2023170188,33,26,12,29,8,24278042256,955,9,23,4
97065255000,success,2021-03-27,2022982671,41,21,11,25,40,22252809381,956,11,20,10
96654698000,success,2021-04-03,2126634137,40,35,11,36,1,23392975507,957,15,24,4
98635947000,success,2021-04-10,1596119675,37,16,15,35,1,23941795125,958,9,10,2
97435835000,success,2021-04-17,3015312891,41,24,8,40,35,24122503128,959,14,15,1
98784879000,success,2021-04-24,2401133213,45,30,10,32,14,24011332130,960,18,24,2
97153309000,success,2021-05-01,2575231209,42,31,9,33,43,23177080881,961,20,29,11
95956365000,success,2021-05-08,1940906094,43,31,12,34,40,23290873128,962,18,28,1
95452215000,success,2021-05-15,1476478125,42,23,15,34,35,22147171875,963,12,19,6
95549895000,success,2021-05-22,2345861063,43,38,10,39,30,23458610630,964,21,36,6
96174650000,success,2021-05-29,3403348929,36,28,7,29,34,23823442503,965,13,25,2
95640447000,success,2021-06-05,2411303513,37,29,10,34,36,24113035130,966,21,25,1
94515565000,success,2021-06-12,5809776094,40,37,4,38,9,23239104376,967,6,13,1
95924229000,success,2021-06-19,1667729683,39,14,13,24,33,21680485879,968,5,12,2
96728751000,success,2021-06-26,1149427894,45,29,20,40,7,22988557880,969,9,10,3
93268371000,success,2021-07-03,1611544045,36,21,14,28,5,22561616630,970,11,16,9
94471924000,success,2021-07-10,3725880250,26,18,6,21,7,22355281500,971,6,17,2
93916813000,success,2021-07-17,1124886244,39,23,20,37,26,22497724880,972,6,17,3
93953872000,success,2021-07-24,2912742750,42,37,8,41,24,23301942000,973,26,31,22
94146055000,success,2021-07-31,1317034523,44,16,17,39,32,22389586891,974,2,11,1
94253719000,success,2021-08-07,2440410375,24,17,9,22,5,21963693375,975,8,9,7
97492178000,success,2021-08-14,3243867215,37,25,7,35,2,22707070505,976,12,14,4
95895844000,success,2021-08-21,1669905911,44,14,14,22,16,23378682754,977,9,10,2
98855197000,success,2021-08-28,2373391388,42,32,10,34,8,23733913880,978,7,15,1
99507886000,success,2021-09-04,1606400518,33,21,14,27,24,22489607252,979,11,16,7
99593380000,success,2021-09-11,3409443215,35,23,7,24,14,23866102505,980,13,16,3
105645424000,success,2021-09-18,1992863193,45,41,13,43,32,25907221509,981,36,37,27
101344251000,success,2021-09-25,3023630672,44,20,8,21,33,24189045376,982,7,13,5
101899006000,success,2021-10-02,2503422225,43,31,10,35,15,25034222250,983,23,26,13
98762367000,success,2021-10-09,3453006268,37,35,7,36,18,24171043876,984,10,23,3
98811446000,success,2021-10-16,2434752975,44,30,10,34,19,24347529750,985,21,23,17
99041240000,success,2021-10-23,2375275125,42,28,10,41,40,23752751250,986,10,16,7
100269530000,success,2021-10-30,2378711625,38,23,10,29,7,23787116250,987,4,15,2
98606195000,success,2021-11-06,2678489375,41,30,9,31,27,24106404375,988,13,20,2
96525658000,success,2021-11-13,5826768563,33,27,4,29,26,23307074252,989,18,21,17
99567047000,success,2021-11-20,1740095277,37,26,14,36,28,24361333878,990,4,25,2
98026282000,success,2021-11-27,2904166032,44,31,8,33,38,23233328256,991,18,25,13
97066498000,success,2021-12-04,1986955563,45,33,12,44,24,23843466756,992,20,26,12
99323653000,success,2021-12-11,3991197063,42,18,6,24,44,23947182378,993,14,16,6
95530936000,success,2021-12-18,1861582063,35,24,12,27,28,22338984756,994,3,8,1
100878455000,success,2021-12-25,3447271875,39,29,7,38,7,24130903125,995,4,13,1
112624327000,success,2022-01-01,1491185771,39,24,18,32,28,26841343878,996,11,15,6
102431961000,success,2022-01-08,1253749560,44,16,19,24,20,23821241640,997,7,14,4
101681869000,success,2022-01-15,2076499657,45,20,12,42,41,24917995884,998,17,18,13
102581351000,success,2022-01-22,1513274790,28,14,16,18,34,24212396640,999,3,9,1
118628811000,success,2022-01-29,1246819620,42,22,22,32,39,27430031640,1000,8,19,2
103967487000,success,2022-02-05,2077279594,42,14,12,20,15,24927355128,1001,10,12,6
105795484000,success,2022-02-12,3088449563,45,35,8,38,15,24707596504,1002,25,33,17
103479378000,success,2022-02-19,1811116822,45,39,14,43,31,25355635508,1003,4,29,1
106112471000,success,2022-02-26,2576251913,44,37,10,39,18,25762519130,1004,15,30,7
103755249000,success,2022-03-05,2061199344,29,24,12,27,17,24734392128,1005,13,18,8
104542431000,success,2022-03-12,2855602125,37,16,9,17,36,25700419125,1006,11,15,8
101530003000,success,2022-03-19,2718786375,25,19,9,21,40,24469077375,1007,11,16,8
103727042000,success,2022-03-26,2267377910,44,31,11,41,33,24941157010,1008,11,30,9
103771363000,success,2022-04-02,1702462825,44,34,15,40,20,25536942375,1009,23,29,15
103011505000,success,2022-04-09,3119380079,36,25,8,34,3,24955040632,1010,12,15,9
101799373000,success,2022-04-16,2220348512,38,26,11,35,42,24423833632,1011,9,12,1
101948323000,success,2022-04-23,1861944318,45,20,13,35,3,24205276134,1012,11,18,5
101747653000,success,2022-04-30,5047570725,41,34,5,36,32,25237853625,1013,22,26,21
102396369000,success,2022-05-07,2410449338,27,18,10,26,21,24104493380,1014,11,14,3
102562683000,success,2022-05-14,3051105610,40,33,8,37,44,24408844880,1015,23,31,14
101583153000,success,2022-05-21,2260660671,42,34,11,41,44,24867267381,1016,26,28,15
101382790000,success,2022-05-28,3517684822,34,23,7,30,32,24623793754,1017,18,22,12
101151805000,success,2022-06-04,12361744688,45,25,2,37,35,24723489376,1018,19,21,3
102804882000,success,2022-06-11,438565140,39,17,50,34,6,21928257000,1019,4,13,1
104996396000,success,2022-06-18,1966431520,45,38,13,41,6,25563609760,1020,27,29,12
101960162000,success,2022-06-25,2108962250,45,24,12,29,16,25307547000,1021,15,17,12
99233031000,success,2022-07-02,4866468075,45,29,5,42,28,24332340375,1022,6,11,5
100399659000,success,2022-07-09,2745677875,35,18,9,29,25,24711100875,1023,14,16,10
100081038000,success,2022-07-16,3020323500,44,22,8,38,10,24162588000,1024,18,20,9
101318529000,success,2022-07-23,6118853344,33,25,4,29,7,24475413376,1025,9,20,8
101556379000,success,2022-07-30,1619118475,41,31,15,32,34,24286777125,1026,12,13,5
101195159000,success,2022-08-06,2460504338,45,35,10,39,5,24605043380,1027,16,27,14
100613537000,success,2022-08-13,1181235132,35,13,20,18,23,23624702640,1028,7,12,5
101336312000,success,2022-08-20,2527848450,41,37,10,39,24,25278484500,1029,30,32,12
104899923000,success,2022-08-27,1276406507,29,17,19,24,9,24251723633,1030,5,11,2
104316078000,success,2022-09-03,3213957563,36,32,8,35,19,25711660504,1031,7,22,6
110907011000,success,2022-09-10,2675257538,42,19,10,36,28,26752575380,1032,6,12,1
104642258000,success,2022-09-17,1913414943,44,20,13,35,10,24874394259,1033,11,15,3
107150089000,success,2022-09-24,2868856209,40,33,9,38,11,25819705881,1034,31,32,26
106759523000,success,2022-10-01,3231193735,42,35,8,41,2,25849549880,1035,14,34,9
103753936000,success,2022-10-08,2837323167,45,32,9,34,39,25535908503,1036,5,22,2
104840173000,success,2022-10-15,1708576825,33,22,15,27,31,25628652375,1037,14,15,2
104932409000,success,2022-10-22,1627457225,44,27,15,37,2,24411858375,1038,16,24,7
105259066000,success,2022-10-29,1585019672,39,19,16,36,26,25360314752,1039,3,6,2
104007239000,success,2022-11-05,3660482625,36,29,7,31,11,25623378375,1040,16,26,8
105301601000,success,2022-11-12,935091165,18,11,25,17,45,23377279125,1041,7,9,6
106510259000,success,2022-11-19,1240663669,43,23,20,34,4,24813273380,1042,14,15,5
107045942000,success,2022-11-26,1468646956,31,22,17,26,19,24966998252,1043,5,12,3
102891973000,success,2022-12-03,3136941235,36,26,8,28,4,25095529880,1044,17,20,12
105380282000,success,2022-12-10,1990060443,41,19,13,21,37,25870785759,1045,14,15,6
100923993000,success,2022-12-17,2011415719,36,29,12,35,28,24136988628,1046,16,25,7
103058179000,success,2022-12-24,2748797875,44,40,9,42,32,24739180875,1047,20,33,2
117323901000,success,2022-12-31,1612494508,39,21,17,32,30,27412406636,1048,12,17,6
108444724000,success,2023-01-07,1727810100,37,20,15,21,17,25917151500,1049,5,13,3
108072602000,success,2023-01-14,1535083280,43,35,17,38,17,26096415760,1050,12,31,6
119243907000,success,2023-01-21,1669558480,35,32,18,33,44,30052052640,1051,26,30,21
107565461000,success,2023-01-28,2341682762,38,27,11,35,1,25758510382,1052,17,26,5
113721665000,success,2023-02-04,4090367411,45,30,7,34,15,28632571877,1053,26,29,22
113660567000,success,2023-02-11,3147925709,45,28,9,30,33,28331331381,1054,19,27,14
112488256000,success,2023-02-18,2362815205,33,14,11,22,31,25990967255,1055,7,12,4
113279615000,success,2023-02-25,1969662456,45,32,14,36,29,27575274384,1056,20,24,13
112523887000,success,2023-03-04,1616069714,45,27,17,40,12,27473185138,1057,13,19,8
112041382000,success,2023-03-11,2058020250,40,30,13,32,42,26754263250,1058,23,25,11
110846824000,success,2023-03-18,2033168481,40,25,13,34,27,26431190253,1059,10,22,7
110677185000,success,2023-03-25,898238907,45,33,28,38,36,25150689396,1060,10,24,3
109909344000,success,2023-04-01,2422768773,45,35,11,37,15,26650456503,1061,24,27,4
107109911000,success,2023-04-08,3801933804,45,40,7,41,12,26613536628,1062,31,32,20
108347135000,success,2023-04-15,3770311875,38,23,7,24,30,26392183125,1063,6,22,3
109427584000,success,2023-04-22,1348168106,35,18,19,22,14,25615194014,1064,6,9,3
108181727000,success,2023-04-29,1852593938,45,23,14,32,24,25936315132,1065,18,19,3
106440950000,success,2023-05-06,1670947250,32,19,15,21,45,25064208750,1066,11,16,6
110703299000,success,2023-05-13,1981114010,33,23,13,28,18,25754482130,1067,10,19,7
108988932000,success,2023-05-20,1363929514,35,26,19,33,3,25914660766,1068,7,19,4
108388892000,success,2023-05-27,1863217554,31,22,14,28,44,26085045756,1069,10,18,1
107222802000,success,2023-06-03,1859116929,41,22,14,30,36,26027637006,1070,6,14,3
107362630000,success,2023-06-10,5183979750,35,21,5,30,39,25919898750,1071,2,11,1
108156654000,success,2023-06-17,2175006375,43,23,12,32,27,26100076500,1072,18,20,16
107352123000,success,2023-06-24,2345227603,38,30,11,32,15,25797503633,1073,18,28,6
105744157000,success,2023-07-01,2134763657,41,27,12,28,15,25617163884,1074,6,20,1
105635232000,success,2023-07-08,2896337167,45,35,9,44,10,26067034503,1075,23,24,1
103168694000,success,2023-07-15,2672689750,37,33,9,36,10,24054207750,1076,7,9,3
105927489000,success,2023-07-22,3570901018,43,30,7,40,34,24996307126,1077,8,17,4
105407618000,success,2023-07-29,2141604938,38,14,12,36,43,25699259256,1078,10,11,6
103120206000,success,2023-08-05,2712329417,45,24,9,37,6,24410964753,1079,8,18,4
104111986000,success,2023-08-12,3639444429,44,31,7,36,38,25476111003,1080,16,23,13
106974323000,success,2023-08-19,2343892944,38,23,11,24,17,25782822384,1081,9,16,1
107566880000,success,2023-08-26,3720489643,42,32,7,34,31,26043427501,1082,26,27,21
108995141000,success,2023-09-02,1713084525,38,15,15,22,17,25696267875,1083,7,14,3
109818924000,success,2023-09-09,1738764600,42,29,15,33,5,26081469000,1084,12,13,8
106249975000,success,2023-09-16,1073277473,44,18,23,38,36,24685381879,1085,7,17,4
109250306000,success,2023-09-23,1515913809,36,27,17,35,37,25770534753,1086,16,25,11
113960897000,success,2023-09-30,1732253602,44,21,16,34,16,27716057632,1087,14,18,13
109089305000,success,2023-10-07,2434697898,44,30,11,39,31,26781676878,1088,21,22,11
108725932000,success,2023-10-14,2978522167,43,37,9,42,40,26806699503,1089,18,31,4
108364862000,success,2023-10-21,2386494614,45,29,11,40,1,26251440754,1090,19,21,12
109335581000,success,2023-10-28,2898470459,30,24,9,28,44,26086234131,1091,20,23,6
108970510000,success,2023-11-04,1583289844,45,26,16,33,37,25332637504,1092,18,19,7
105589036000,success,2023-11-11,1967040750,43,30,13,35,44,25571529750,1093,17,22,10
104078823000,success,2023-11-18,2112854469,40,22,12,26,41,25354253628,1094,7,15,6
106160572000,success,2023-11-25,2617825575,40,29,10,34,12,26178255750,1095,14,28,8
105753078000,success,2023-12-02,2539391175,43,19,10,23,34,25393911750,1096,12,16,1
108873101000,success,2023-12-09,3864293090,40,35,7,37,4,27050051630,1097,33,34,14
103850339000,success,2023-12-16,1930461895,43,24,13,41,15,25096004635,1098,16,21,12
107510729000,success,2023-12-23,2959934125,43,38,9,40,4,26639407125,1099,20,28,3
116187023000,success,2023-12-30,2207575472,43,30,13,31,12,28698481136,1100,26,29,17
114758876000,success,2024-01-06,2100529500,42,28,13,36,41,27306883500,1101,7,13,6
113178102000,success,2024-01-13,1383591413,38,26,20,37,20,27671828260,1102,14,22,13
110195070000,success,2024-01-20,1574419633,44,31,17,40,2,26765133761,1103,12,29,10
